date,price,high,low,lag_1,lag_2,lag_3,lag_5,lag_7,ma_7,ma_30,momentum_30,momentum_7,volume,volatility_7,volatility_30,daily_return,pct_change_1d,pct_change_7d,hl_pct
2024-07-30,-0.908994080252023,-0.908994080252023,-0.908994080252023,-0.8108728179600542,-0.8172445615250907,-0.8207454174709776,-0.9657972718936746,-0.8181975653819581,-0.8946655124491446,-1.111460436683452,0.32380401742505804,-0.2576043936230969,-0.13717115809730485,-0.5839504692306361,-0.392865386783044,-0.8281162028654595,-0.8281162028654595,-0.3161459174611743,0.0
2024-07-31,-0.9434891087925135,-0.9434891087925135,-0.9434891087925135,-0.9029651818203626,-0.8055660993220404,-0.8123098854403692,-0.9442383716247563,-0.9215555281483963,-0.892175140805919,-1.104113252660365,0.09927154438216051,-0.04408269937691463,-0.5893004863471035,-0.8014406969007368,-0.4734135464726309,-0.35156306366592927,-0.35156306366592927,-0.06943585943931423,0.0
2024-08-01,-1.0398071650098666,-1.0398071650098666,-1.0398071650098666,-0.9374558623990641,-0.8975695530603558,-0.800644837571493,-0.8091744515448529,-0.9550017037985585,-0.898690701046468,-1.1001916497434572,-0.051395476471461504,-0.23582415704171594,-0.5060371301688605,-0.6078786636722401,-0.39790506539799614,-0.8881114679073919,-0.8881114679073919,-0.2965051633300621,0.0
2024-08-02,-0.9973977408762662,-0.9973977408762662,-0.9973977408762662,-1.033761778106734,-0.9320269347802884,-0.8925426125781264,-0.8007661821558003,-0.9335003344735384,-0.9022235570620845,-1.0932022520971065,0.08353505885928525,-0.17232067253260092,-0.2571188614991179,-0.5716374745787639,-0.4122040694311118,0.3190718739570566,0.3190718739570566,-0.22066061666248443,0.0
2024-08-03,-1.2445787329097613,-1.2445787329097613,-1.2445787329097613,-0.9913576995131558,-1.0282398724129553,-0.9269604152143477,-0.7891388343416006,-0.7987968388453393,-0.9608563312397521,-1.09075095093168,-0.11606362408938113,-1.345429548099192,-0.2540347725642287,-0.1606979424686016,-0.07412189750383805,-2.2195617250774733,-2.2195617250774733,-1.5586256374727805,0.0
2024-08-04,-1.2864124527128706,-1.2864124527128706,-1.2864124527128706,-1.238507535361143,-0.9858767326295315,-1.023062838939033,-0.8807396066113956,-0.7904110073203923,-1.0267240128020845,-1.083266900567435,0.10529132416208951,-1.4994648779138369,-0.4569053360785653,-0.24734093608100854,-0.3732877114410126,-0.4457409108159829,-0.4457409108159829,-1.7314979243436268,0.0
2024-08-05,-1.4573976435616487,-1.4573976435616487,-1.4573976435616487,-1.2803359821894822,-1.232787958878039,-0.9807483590993448,-0.915046174981301,-0.7788146876331582,-1.1188731574102926,-1.0805968931701473,-0.10644428787308954,-2.0590123072097657,-0.43107871121104496,-0.19103438856068256,-0.13011381594193913,-1.6664380120173707,-1.6664380120173707,-2.363634882899231,0.0
2024-08-06,-1.7108179031943112,-1.7108179031943112,-1.7108179031943112,-1.4512996210318485,-1.2745760226370946,-1.2273759735466894,-1.010838007041923,-0.8701710189145566,-1.2342307062270979,-1.0896088264007646,-0.6202500153219085,-2.55313255045168,2.4395656920984865,0.3425625735367994,0.3108361284613136,-2.555287023502359,-2.555287023502359,-2.9873141904349954,0.0
2024-08-07,-1.5854464225379143,-1.5854464225379143,-1.5854464225379143,-1.7046879380440223,-1.4453746054710286,-1.2691160379166124,-0.9686602825950542,-0.9043860385859847,-1.326588428758897,-1.0894412778979004,-0.21650970881770734,-2.0634530508909537,0.1974020074243973,1.160766583496692,0.298546229513145,1.2732155472189692,1.2732155472189692,-2.437028606287734,0.0
2024-08-08,-1.6392529245720378,-1.6392529245720378,-1.6392529245720378,-1.5793322599664428,-1.698518289972614,-1.4397184348806302,-1.2144908257698295,-0.9999222456171555,-1.4128300587693055,-1.092741381876387,-0.3690271511220774,-1.9332379315231112,-0.1677777406777535,1.1707178915357725,0.30230186588779157,-0.6060735834539496,-0.6060735834539496,-2.335602340244241,0.0
2024-08-09,-1.2163119062478023,-1.2163119062478023,-1.2163119062478023,-1.6331319799039934,-1.5732836359209494,-1.6925713487380232,-1.2560959911897747,-0.9578570744206212,-1.4443250091511364,-1.0845801912498572,0.13507392245890446,-0.7676497070324755,0.0840584878090094,3.743249690162794,1.605792770706149,4.335086526805181,4.335086526805181,-0.9283048245697075,0.0
2024-08-10,-1.275534404956142,-1.275534404956142,-1.275534404956142,-1.2102442716207822,-1.6270314151821796,-1.5674805440622792,-1.4261470213899523,-1.2030316071768958,-1.4487785690817252,-1.0778155073990492,0.07365149251836729,-0.19192298720839385,-0.42644665512853586,3.376159105779083,1.627349285253791,-0.6037043443269459,-0.6037043443269459,-0.25172161748651267,0.0
2024-08-11,-1.2770912348405856,-1.2770912348405856,-1.2770912348405856,-1.2694593055676093,-1.2045519817673376,-1.6211665865417666,-1.678182744543568,-1.2445257472473203,-1.447437535284814,-1.070436994195568,0.1006494928614076,-0.06855276164761251,-1.1023293539440249,3.3588916535072255,1.6228433322440758,-0.07064257847583047,-0.07064257847583047,-0.09536314577582318,0.0
2024-08-12,-1.4074620385851988,-1.4074620385851988,-1.4074620385851988,-1.2710159392198093,-1.263709846849436,-1.1991724293733135,-1.5534962185496457,-1.4141229882395037,-1.440253352395823,-1.068528972523034,-0.1399586363947039,0.05585123548751924,-0.8272363942501392,3.248508062980061,1.7241965604540197,-1.2809091130332337,-1.2809091130332337,0.07284504715867929,0.0
2024-08-13,-1.3733067893539828,-1.3733067893539828,-1.3733067893539828,-1.4013703102407213,-1.2652649776572948,-1.258262343439479,-1.6070087540911764,-1.6654861421586873,-1.3916959839602228,-1.068112861310406,-0.20557719786125314,0.9367100968826573,-0.2408065994016644,2.4254778919801785,1.695351521439398,0.2762510015414948,0.2762510015414948,1.3555423661237624,0.0
2024-08-14,-1.2950177051456884,-1.2950177051456884,-1.2950177051456884,-1.3672193661434573,-1.395493498688653,-1.2598156879638374,-1.1863784321145965,-1.5411323480500805,-1.3499123103080282,-1.0688320591698417,-0.2555113930631458,0.7924942480056907,-0.48773883644007376,2.353977286830517,1.6581865762982537,0.6985935859878423,0.6985935859878423,1.1022266957941986,0.0
2024-08-15,-1.4115318781621706,-1.4115318781621706,-1.4115318781621706,-1.2889401499642972,-1.3613755254532345,-1.3898946234701723,-1.2452773745691432,-1.5945020828623677,-1.3171503232278174,-1.0816857218211344,-0.7892204494753702,0.6004173639883966,-0.6162381025220708,2.5056224831003933,1.3804484564009862,-1.1558954015865286,-1.1558954015865286,0.8508718963336461,0.0
2024-08-16,-1.4813064291055735,-1.4813064291055735,-1.4813064291055735,-1.405439636830526,-1.2831718835602397,-1.3558158394607294,-1.2468256988677675,-1.1749942327722762,-1.3552748061030933,-1.097579379909526,-0.9229282910705247,-0.9087962580317794,-0.43685603190695715,-0.4689139426640605,1.3961587180307782,-0.7355608283879894,-0.7355608283879894,-1.1504793426491795,0.0
2024-08-17,-1.402600602559728,-1.402600602559728,-1.402600602559728,-1.4752053929680053,-1.3995588965670167,-1.2777020253008504,-1.376484234643558,-1.2337360006162565,-1.3735556861089198,-1.1086579319430296,-0.7111459213360835,-0.48631456611882623,-0.5403676597455156,-0.20275623925599168,1.433704921510904,0.7253330373575422,0.7253330373575422,-0.6278792703803238,0.0
2024-08-18,-1.368256004502766,-1.368256004502766,-1.368256004502766,-1.396509486980016,-1.4692572976966636,-1.3939553516750172,-1.3425155892323368,-1.2352801931383408,-1.3866714654930834,-1.118206578766321,-0.6438562402377572,-0.3763466100023158,-1.1338761309333545,-0.15138381601849288,1.444536130544714,0.27765219884369563,0.27765219884369563,-0.4878772255703425,0.0
2024-08-19,-1.4303603267217346,-1.4303603267217346,-1.4303603267217346,-1.3621692179236762,-1.390637368285976,-1.4635736945206286,-1.2646542296785537,-1.3645927289858149,-1.389965818087696,-1.1356038394309858,-0.9890611058231777,-0.16724279783938692,-0.9618462735963559,-0.4258537742594673,1.2846269819111074,-0.6538214008900284,-0.6538214008900284,-0.22444660994460702,0.0
2024-08-20,-1.3592357359219673,-1.3592357359219673,-1.3592357359219673,-1.424265712138687,-1.356330252874337,-1.385044071007029,-1.38053183905525,-1.3307147305096911,-1.3879414304519795,-1.1516935813560356,-0.9315526285452438,-0.05400376629161899,-0.7504704839099805,-0.324389513639285,1.3192991548627535,0.6402326416644012,0.6402326416644012,-0.07547936732146747,0.0
2024-08-21,-1.3914499396559334,-1.3914499396559334,-1.3914499396559334,-1.3531500863120225,-1.4183667963329054,-1.3507763620773974,-1.449925183652995,-1.2530611476723659,-1.4018150344554234,-1.1707285898752622,-1.0610940200960515,-0.3924811310080716,-0.5038145733397249,-0.48371806243996374,1.2966950362096272,-0.36535664659119954,-0.36535664659119954,-0.5102283969731606,0.0
2024-08-22,-1.261011092492031,-1.261011092492031,-1.261011092492031,-1.3853602295731375,-1.3473198287391586,-1.4127416479585138,-1.37164935859213,-1.3686295321739088,-1.3801597675700235,-1.1843554797400233,-0.823229231368236,0.36394891768967924,-0.45440475528271207,-0.43276479849796917,1.4234219610371897,1.2074286683943782,1.2074286683943782,0.4774708166679995,0.0
2024-08-23,-1.3083886254656658,-1.3083886254656658,-1.3083886254656658,-1.2549378237095399,-1.3794988748750971,-1.3417762876644939,-1.3374923988437115,-1.43783769735317,-1.3552822653008982,-1.1960675937909522,-0.7390118216702238,0.43255215801928215,-0.6132411480207357,-0.5403594014082569,1.3904312863512518,-0.4992822096648874,-0.4992822096648874,0.5816819004488739,0.0
2024-08-24,-1.0792344534495886,-1.0792344534495886,-1.0792344534495886,-1.302309384932701,-1.2492023846849591,-1.373918371701248,-1.3992574202516743,-1.3597707550295497,-1.3087599180416303,-1.1989221017079728,-0.3494285402574623,0.8933833282856612,-0.05396360176700236,0.2271671016585144,1.7020423287818764,2.1148092284867896,2.1148092284867896,1.1739952053151814,0.0
2024-08-25,-1.0725093390117808,-1.0725093390117808,-1.0725093390117808,-1.0731840968928328,-1.2965282112661718,-1.2437715451081426,-1.3285214116065551,-1.325704944741934,-1.2662111567980525,-1.202280428273898,-0.37158794986659144,0.8087834018551889,-0.8168534799074109,0.25300161478313177,1.6999424436505846,0.0040444382580375705,0.0040444382580375705,1.0514295080445124,0.0
2024-08-26,-1.0657103436556103,-1.0657103436556103,-1.0657103436556103,-1.0664598301290766,-1.0676241311143129,-1.291043011411282,-1.3605596162302775,-1.3873051432722379,-1.2137493478332857,-1.2099856735565646,-0.5627780786779637,1.0198378762273934,-0.9545785214683998,0.049658752352934515,1.6082663526863221,0.00460258510537156,0.00460258510537156,1.3518906360126655,0.0
2024-08-27,-1.1497612895689386,-1.1497612895689386,-1.1497612895689386,-1.0596616917593549,-1.0609063562609955,-1.0624018593548843,-1.2308334087836772,-1.3167578970080458,-1.1836124798834518,-1.220807911182998,-0.6998724681851327,0.5445270713348356,-0.9539332331187045,0.3081267825357552,1.6375659272708696,-0.8042049643671852,-0.8042049643671852,0.7042259753619203,0.0
2024-08-28,-1.3622633629992762,-1.3622633629992762,-1.3622633629992762,-1.143702043383691,-1.054114781120693,-1.055691800798047,-1.2779520993001843,-1.3487106061691143,-1.1794134378431296,-1.2391843969230583,-1.0321302728584683,-0.007704126139186973,-0.282965993054175,1.0518926926984018,1.8433838863444405,-1.987999327404935,-1.987999327404935,-0.014345762923480767,0.0
2024-08-29,-1.3942551062953294,-1.3942551062953294,-1.3942551062953294,-1.356177331768924,-1.138073996398843,-1.0489080267240933,-1.0500498883978,-1.2193305792358808,-1.198583113758294,-1.2555353863198142,-0.9430430522274025,-0.50523754104491,-0.15408221214757548,0.7799996455171975,1.8200041245490526,-0.36347018257439995,-0.36347018257439995,-0.6500210459360088,0.0
2024-08-30,-1.37321260594593,-1.37321260594593,-1.37321260594593,-1.3881650426323835,-1.3503441515567491,-1.132770803194535,-1.0433615159563836,-1.2663235313006653,-1.2079092715485569,-1.270015025047002,-0.8607356066826369,-0.29566339167576866,-0.4675883769916468,0.7793117936764168,1.8242597123917197,0.1479541380602947,0.1479541380602947,-0.3871061517350178,0.0
2024-08-31,-1.3854353541245805,-1.3854353541245805,-1.3854353541245805,-1.3671251946068503,-1.3823009800413018,-1.3447971366277172,-1.0365996662376815,-1.039029488215105,-1.2519620725962346,-1.2816610517257045,-0.7361051068149013,-1.0350135537594074,-0.08712462258160081,-0.4486292902763264,1.7907005927597888,-0.17383148150505714,-0.17383148150505714,-1.2686175639301447,0.0
2024-09-01,-1.3977004018696109,-1.3977004018696109,-1.3977004018696109,-1.3793464021564803,-1.3612814448340766,-1.37671725826089,-1.1201914081359714,-1.0323589640115345,-1.2987469682741357,-1.2951493481561103,-0.8171334890060002,-1.0931814161902838,-1.1692977426050526,-0.48741106702698206,1.777279248070465,-0.17462954334017936,-0.17462954334017936,-1.3370956838627528,0.0
2024-09-02,-1.497976125342183,-1.497976125342183,-1.497976125342183,-1.391609903940797,-1.3734908534786878,-1.3557218669062159,-1.3315324975433114,-1.0256151586082642,-1.3609365909642712,-1.3036876354993399,-0.5994176915262455,-1.4211568939502324,-0.7029159506213096,-0.5116519175373416,1.553315310157271,-1.028952667644383,-1.028952667644383,-1.731233339664387,0.0
2024-09-03,-1.3884084634702176,-1.3884084634702176,-1.3884084634702176,-1.4918729880553963,-1.385742515525224,-1.3679172513509985,-1.3633494571196814,-1.1089838319940832,-1.3952705084977883,-1.3071244161202829,-0.37503858740135926,-0.8280929467717737,-0.6184637957631256,0.056656516996549,1.6265611446445665,1.036766908410002,1.036766908410002,-1.0336959689876304,0.0
2024-09-04,-1.4887888952772972,-1.4887888952772972,-1.4887888952772972,-1.3823191367534542,-1.4859088011359478,-1.3801548406638113,-1.3424219203860022,-1.3197609477197239,-1.4134736035527293,-1.3081821520529184,-0.27040128220999093,-0.4846584798792359,-0.6576799821876651,-0.5349853807704447,1.5207643889857805,-1.0275218101757453,-1.0275218101757453,-0.6372690853273151,0.0
2024-09-05,-1.4585465335748775,-1.4585465335748775,-1.4585465335748775,-1.4826869160044898,-1.3764607180635937,-1.4802060713978917,-1.3545778907910362,-1.3514930022363012,-1.422723143474962,-1.2996818063247946,0.14999095030925175,-0.2940321532999128,-0.30224078388271686,-0.49110959586230757,1.0864128162185889,0.244834809927289,0.244834809927289,-0.39089560799186496,0.0
2024-09-06,-1.5746484660742786,-1.5746484660742786,-1.5746484660742786,-1.4524483662320395,-1.4767315977333466,-1.3708837046343731,-1.3667759296629605,-1.330621311623098,-1.4517035084919836,-1.299317966531018,-0.20787624690138248,-0.7141127416752557,-0.552385351401595,-0.27689693945971705,1.0765360295654383,-1.2013972969517794,-1.2013972969517794,-0.9388757400815424,0.0
2024-09-07,-1.7128769384126847,-1.7128769384126847,-1.7128769384126847,-1.5685356645424724,-1.446522241620788,-1.4710394092866939,-1.466503806655887,-1.3427448432468088,-1.4988121843175033,-1.3017987457509574,-0.3329908651152735,-1.1000748813273111,0.11917896341432534,-0.02821712496174643,1.193501152617236,-1.4647567800468457,-1.4647567800468457,-1.448029780899928,0.0
2024-09-08,-1.698636262044554,-1.698636262044554,-1.698636262044554,-1.7067467137291576,-1.562497464017193,-1.4408647528110423,-1.357534756848346,-1.354910331075718,-1.5421075095342964,-1.3180507833228463,-0.9386908631539483,-1.018886458658733,-0.9819908111557848,0.02802625708533658,-0.3796435054910967,0.09505581502178125,0.09505581502178125,-1.3455094246058865,0.0
2024-09-09,-1.6584971240728752,-1.6584971240728752,-1.6584971240728752,-1.6925078323419076,-1.7005750780228397,-1.556706761573487,-1.457366770112169,-1.4543720795173372,-1.5652014965391334,-1.330954806155028,-0.7914354367107999,-0.5887883760251217,-0.9290623308150447,0.05788267143774477,-0.36693745629075875,0.36801925157604964,0.36801925157604964,-0.7973121727159456,0.0
2024-09-10,-1.5172862255154598,-1.5172862255154598,-1.5172862255154598,-1.6523737537496674,-1.6863499434939404,-1.6946257742818034,-1.4272896345564285,-1.3456938187673502,-1.5837430044129952,-1.339048235330047,-0.579851535353293,-0.49186348298495886,-0.3650690062462926,0.2969178958297161,-0.14457073940397486,1.4183039699221072,1.4183039699221072,-0.6503043281026739,0.0
2024-09-11,-1.4813036223697302,-1.4813036223697302,-1.4813036223697302,-1.5111806542669908,-1.6462546121514627,-1.6804169792935837,-1.542757255651263,-1.4452594255873068,-1.5826661060842908,-1.3415363456226566,-0.3333133070147675,-0.07417635733416572,-0.5633160326342781,0.1684424913027745,-0.2564468584065075,0.30479731941193683,0.30479731941193683,-0.10090247201803036,0.0
2024-09-12,-1.4964713345949858,-1.4964713345949858,-1.4964713345949858,-1.4752025865859402,-1.5051978268556891,-1.6403677030021988,-1.6802305304270397,-1.4152625522887636,-1.5881223072594957,-1.345686405209581,-0.4064106710014492,-0.2132697946502596,-0.2951033505889411,0.15208200925880005,-0.2662967817969217,-0.20659930776768973,-0.20659930776768973,-0.2873673597411979,0.0
2024-09-13,-1.4510936727113815,-1.4510936727113815,-1.4510936727113815,-1.4903683869811153,-1.4692544940240062,-1.499472940995329,-1.666067656583248,-1.5304220425815445,-1.5703466092830882,-1.3509454232509912,-0.4551858893976582,0.2813506694105112,-0.41405810184478276,-0.1528264779488276,-0.3016008167586794,0.3963692922766421,0.3963692922766421,0.39153704654825267,0.0
2024-09-14,-1.29380350549565,-1.29380350549565,-1.29380350549565,-1.4449964447721508,-1.4844056526714107,-1.463570894068378,-1.6261478148147999,-1.6675284634287832,-1.5100549559144494,-1.346978536833462,-0.04940377640044427,1.1865397565727025,-0.4889269762886332,-0.6918112949025201,-0.19601469540495525,1.4925063483776277,1.4925063483776277,1.7161109219207042,0.0
2024-09-15,-1.3324320424668465,-1.3324320424668465,-1.3324320424668465,-1.2877261033593181,-1.4390775145820036,-1.4787046495079212,-1.485708408010156,-1.6534033838829556,-1.4573695405798939,-1.341962177829265,-0.003244919494216859,1.0245985841518626,-1.0233796270263795,-0.4789848337232428,-0.2287326515629639,-0.42055156783530895,-0.42055156783530895,1.4761897304619405,0.0
2024-09-16,-1.3817712707018022,-1.3817712707018022,-1.3817712707018022,-1.3263497713563517,-1.2819590090506139,-1.4334285770741841,-1.4499223922514748,-1.613590070098243,-1.4175572835407022,-1.3412603283790265,-0.19300959905967457,0.7505216570600596,-0.9739954121854775,-0.24074223012168092,-0.2552529594584327,-0.5264165536473647,-0.5264165536473647,1.0690542364713702,0.0
2024-09-17,-1.4445752391719513,-1.4445752391719513,-1.4445752391719513,-1.3756827805769118,-1.3205453880164022,-1.2764905439458798,-1.465007237183839,-1.4735254324855882,-1.4070964305245617,-1.3438319237264198,-0.33698522255267127,0.12561342274082946,-0.47974855771664926,-0.4350790744718572,-0.23158043361122635,-0.6627610862252057,-0.6627610862252057,0.17120784461411007,0.0
2024-09-18,-1.312800616228607,-1.312800616228607,-1.312800616228607,-1.4384788328554632,-1.3698307689246438,-1.3150326011017401,-1.4198774916598138,-1.4378349134006367,-1.3828540805213214,-1.3398707204222267,-0.049653736255148455,0.41902940181019893,-0.41361679717518146,-0.12031699958554272,-0.11975770538398109,1.2389831815984058,1.2389831815984058,0.5634639304675112,0.0
2024-09-19,-1.2425065021316777,-1.2425065021316777,-1.2425065021316777,-1.3067208195816726,-1.4325661950618438,-1.364261370911885,-1.2634466636879977,-1.452879503711629,-1.3463164275851263,-1.3359375002344058,-0.05088451510615892,0.6808034566464959,-0.20625723265280677,-0.13755010313278954,-0.12305855697311512,0.6106694149849589,0.6106694149849589,0.9205443076817413,0.0
2024-09-20,-1.1470116126817262,-1.1470116126817262,-1.1470116126817262,-1.2364355657795456,-1.3009353869171507,-1.4269247367079094,-1.3018641574748555,-1.4078701890456484,-1.3025684619092426,-1.3277010908011058,0.1383822643655538,0.8343151523565407,-0.15606851500086677,-0.07920841691343043,-0.07644895179081829,0.8331213639062631,0.8331213639062631,1.112497812299875,0.0
2024-09-21,-1.136893735123063,-1.136893735123063,-1.136893735123063,-1.140952713082365,-1.2307179896693343,-1.2954451248095504,-1.3509338257249923,-1.2518568041287061,-1.279994018524449,-1.3235189259756288,-0.03993520585014774,0.38351871281132477,-0.36730994649561133,-0.45541981458065556,-0.202861950469266,0.03590172088136424,0.03590172088136424,0.48362031428006086,0.0
2024-09-22,-1.1196748257138447,-1.1196748257138447,-1.1196748257138447,-1.1308361108421132,-1.1353273204250012,-1.2253083819848194,-1.413394670936165,-1.2901717790183942,-1.2493848618550312,-1.3171601681666143,0.055797684505009715,0.5545823691874424,-1.11827166914957,-0.563424064006876,-0.22480381921276474,0.10001551031148151,0.10001551031148151,0.7112663983104328,0.0
2024-09-23,-1.1084617823581056,-1.1084617823581056,-1.1084617823581056,-1.11361937180826,-1.1252204852088723,-1.1300272821591377,-1.282339985588742,-1.339110502540554,-1.2100641136537482,-1.3181449901890525,-0.26719431635876933,0.7400571518592729,-0.8725475455082489,-0.7498033278626385,-0.6579763565665262,0.04514960745448125,0.04514960745448125,0.9656469065847163,0.0
2024-09-24,-1.124453946785738,-1.124453946785738,-1.124453946785738,-1.1024077418122458,-1.1080203679914613,-1.1199320560455324,-1.2124299164192807,-1.4014046680353753,-1.1640086005134263,-1.3198952764996101,-0.30086166221511057,0.8834441620106194,-0.7515474506429206,-1.0137870692395023,-0.6563819964169526,-0.19990615381742236,-0.19990615381742236,1.1757886051514579,0.0
2024-09-25,-1.061434901828882,-1.061434901828882,-1.061434901828882,-1.1183978904908616,-1.0968195622087575,-1.102751695549184,-1.1174567538359879,-1.2706997083073606,-1.127844879955295,-1.3197512144377022,-0.21754271080467458,0.6728422217445235,-0.5031425627538604,-1.3861856561071957,-0.6246232922111258,0.5132615583184897,0.5132615583184897,0.8590841020437909,0.0
2024-09-26,-1.1354122980855486,-1.1354122980855486,-1.1354122980855486,-1.0553867888351431,-1.1127942732765868,-1.091563755445983,-1.1073941542988641,-1.200976197460315,-1.1124373496253595,-1.3192677216472095,-0.2026135600775684,0.23093102129532658,-0.682292558186438,-1.0862499850862517,-0.6374932680858556,-0.7138354077244705,-0.7138354077244705,0.2826150672086631,0.0
2024-09-27,-1.0115870141075471,-1.0115870141075471,-1.0115870141075471,-1.1293548605338728,-1.0498440053805884,-1.1075201173417317,-1.0902693186951145,-1.1062564752482957,-1.0929539552760976,-1.3074515959855741,0.29582859621615615,0.31770850511320337,-0.28748038511727025,-0.9287246546041916,-0.9346809963754885,1.0656571411197777,1.0656571411197777,0.3795547257822686,0.0
2024-09-28,-0.9702737367467601,-0.9702737367467601,-0.9702737367467601,-1.0055451842427183,-1.1237406649664927,-1.044642156562477,-1.0791175366907355,-1.0962207282334349,-1.0689825116165428,-1.2931654396576364,0.40446772936579745,0.41326165029940143,-0.4642203325630836,-0.9223567071107227,-0.9490005526426929,0.3068467632769178,0.3068467632769178,0.49574743557910855,0.0
2024-09-29,-0.9613191211457196,-0.9613191211457196,-0.9613191211457196,-0.9642371142569919,-1.0000505201213947,-1.1184539355820196,-1.0950223295125576,-1.079141591062541,-1.0462000432020908,-1.2792865875736863,0.3865533040111961,0.38794768506339916,-1.0385386079336656,-0.9168854424975909,-0.9491433104390885,0.02184058370494371,0.02184058370494371,0.46202985051999057,0.0
2024-09-30,-0.9782401431322141,-0.9782401431322141,-0.9782401431322141,-0.9552836273497984,-0.9587823308096762,-0.9949058660297248,-1.032347582863753,-1.0680195681152964,-1.0274651931338037,-1.2655660449790465,0.3795903922050161,0.3017715678353246,-1.117919402063795,-0.8784105535746053,-0.9474778429973001,-0.20283364057322917,-0.20283364057322917,0.355141780690642,0.0
2024-10-01,-1.1296945752922753,-1.1296945752922753,-1.1296945752922753,-0.9722025165084583,-0.9498374880025994,-0.9536850789592055,-1.10592081094582,-1.0838819182460662,-1.0282191568368968,-1.2565355228611554,0.1733096500268175,-0.1131564605917112,-0.3826736239129297,-0.29406584496984617,-0.7374561146536974,-1.375499744613907,-1.375499744613907,-0.1515320083172684,0.0
2024-10-02,-1.2780323486991116,-1.2780323486991116,-1.2780323486991116,-1.1236378584369224,-0.9667400429025212,-0.944750510545149,-0.9827720341379416,-1.0213744221197048,-1.059380803368227,-1.2491244633143042,0.10208097570864261,-0.7605534767961234,0.2514913366894379,-0.05775197761436107,-0.6446976788495462,-1.3978065007813774,-1.3978065007813774,-0.932411524649261,0.0
2024-10-03,-1.291617659043286,-1.291617659043286,-1.291617659043286,-1.271956934454659,-1.118029182321238,-0.9616336505156153,-0.9416844677746016,-1.0947513165667353,-1.081853904112485,-1.2458630733984632,-0.08043356458451092,-0.5755693512552552,-0.15899777663461023,-0.09741880561367626,-0.7491341040615527,-0.1836926381405281,-0.1836926381405281,-0.720006979174994,0.0
2024-10-04,-1.2870933160995663,-1.2870933160995663,-1.2870933160995663,-1.285540532424246,-1.2662050644129001,-1.1127490133670255,-0.9327787748286536,-0.9719311680878195,-1.1214907055793704,-1.2390668913448621,0.07503687509432692,-0.9409943886584506,-0.2969107944923705,-0.5908929869339303,-0.8591183008001821,-0.013350726719877973,-0.013350726719877973,-1.137687347682237,0.0
2024-10-05,-1.2010452314083617,-1.2010452314083617,-1.2010452314083617,-1.2810167597560433,-1.279775548164305,-1.260754694899371,-0.9496073504880982,-0.9309532458364645,-1.1546915574364107,-1.2303903217556948,0.15774178829081248,-0.8039693283343656,-0.5410035493471756,-0.3590236274017917,-0.8084460120263522,0.7545638302491567,0.7545638302491567,-0.9659122534540057,0.0
2024-10-06,-1.201738416461056,-1.201738416461056,-1.201738416461056,-1.1949795210852676,-1.2752561429502858,-1.274309591067344,-1.100234326364503,-0.9220713181528841,-1.1892804282111287,-1.217825026090213,0.32877927205593266,-0.8335210475763503,-1.1793648257937879,-0.3739706510575619,-0.9747503042074086,-0.06240680350458272,-0.06240680350458272,-0.9988955459836674,0.0
2024-10-07,-1.1566936245584831,-1.1566936245584831,-1.1566936245584831,-1.1956726187647304,-1.1893019685105224,-1.2697953770172603,-1.2477616710439752,-0.938854985963131,-1.2149543426124487,-1.1990842927953225,0.6003929811612326,-0.643716510731791,-1.063421352058361,-0.25776488383421264,-1.2453920499362932,0.3589850476959689,0.3589850476959689,-0.7780741674623715,0.0
2024-10-08,-1.1895079050439517,-1.1895079050439517,-1.1895079050439517,-1.150633504579854,-1.1899943970422224,-1.1839399328725944,-1.2612727593911475,-1.089080006638176,-1.2235596233602888,-1.1819290878228934,0.5306568337982929,-0.28031550578287856,-0.42397103266883146,-0.6401536356724786,-1.2184288583729923,-0.3548810722816135,-0.3548810722816135,-0.3567412071245206,0.0
2024-10-09,-1.195900420154314,-1.195900420154314,-1.195900420154314,-1.183443648955172,-1.1449987656497163,-1.1846315660540543,-1.2567731347468187,-1.236213667628577,-1.211743389313066,-1.166341778323879,0.46169623042410785,0.1544702626486537,-0.5981180766671901,-1.3822881423151203,-1.2202944047202011,-0.11473217930906508,-0.11473217930906508,0.18897223067010352,0.0
2024-10-10,-1.2952725506458784,-1.2952725506458784,-1.2952725506458784,-1.1898353583143113,-1.1777772336317187,-1.139687618387143,-1.1711951652404844,-1.249688700998176,-1.212269214718103,-1.158860973048156,0.1051485957300418,-0.10829926531385324,-0.6012904249757293,-0.9670953014468041,-1.311845992986098,-0.970182906348681,-0.970182906348681,-0.14618224816435926,0.0
2024-10-11,-1.3204253062580802,-1.3204253062580802,-1.3204253062580802,-1.2891949633422208,-1.184162772146338,-1.1724284357508037,-1.1718845631453256,-1.245201083814791,-1.2170646530324225,-1.1534401386935862,0.014545082890921287,-0.19920177417754817,-0.5697522083290568,-0.9506380086638262,-1.3108679244389307,-0.29347517091179104,-0.29347517091179104,-0.2623672973444909,0.0
2024-10-12,-1.182940765571456,-1.182940765571456,-1.182940765571456,-1.3143445485491523,-1.2834264509298348,-1.1788066395884744,-1.1270858690001722,-1.1598514831631372,-1.2144599826025524,-1.1428756492033365,0.2407779968317066,-0.041649212621366664,-0.485978842981798,-0.5913403980091457,-1.1419375160380532,1.2505635358784915,1.2505635358784915,-0.06253506968257488,0.0
2024-10-13,-1.1319162379845065,-1.1319162379845065,-1.1319162379845065,-1.1768773372446089,-1.308551755592809,-1.2779563002645014,-1.1597208719155219,-1.1605390413770995,-1.204414739331346,-1.132120887186993,0.24914673596480896,0.11676485278251728,-0.9615168386734848,-0.5435348734329009,-1.140693224785581,0.4118140881035895,0.4118140881035895,0.13553179382559727,0.0
2024-10-14,-1.1555839441757818,-1.1555839441757818,-1.1555839441757818,-1.1258592410973662,-1.1712172613346614,-1.3030527450290479,-1.1660784621529636,-1.1158598946637455,-1.2042550907835525,-1.1274635451375126,-0.019035529416017,-0.09370513151371912,-0.9907403731605456,-0.5616315972718313,-1.3864241535848287,-0.2702272941348427,-0.2702272941348427,-0.12765343416894376,0.0
2024-10-15,-0.9540675840282667,-0.9540675840282667,-0.9540675840282667,-1.1495239640679717,-1.1202484203586638,-1.165875998492096,-1.2649076828556043,-1.1484078095320047,-1.1703825397967922,-1.1147144618276847,0.33686278722748475,0.6240619068319094,-0.0037288288081628847,0.09557951641787987,-1.0526106400887865,1.7787923455325838,1.7787923455325838,0.7669420276155798,0.0
2024-10-16,-0.8969862371390717,-0.8969862371390717,-0.8969862371390717,-0.948033004259892,-1.1438902963382913,-1.114965702301656,-1.289923018879711,-1.1547484342395395,-1.1273780711434618,-1.098379511114412,0.49457966565107975,0.8184856741067071,0.17014268946405992,0.06295856789193992,-1.0798383388233777,0.4383654101216424,0.4383654101216424,1.0111289200159381,0.0
2024-10-17,-0.8541029267947597,-0.8541029267947597,-0.8541029267947597,-0.8909588522484991,-0.9425938649912708,-1.1385804223065175,-1.153189611358847,-1.2533139244976392,-1.0639074620598492,-1.0784834015968605,0.6512097880146847,1.254221547919475,-0.19978675607795024,-0.4145673035022643,-1.1439055700539746,0.3103350850927802,0.3103350850927802,1.599292822779229,0.0
2024-10-18,-0.8740914176022351,-0.8740914176022351,-0.8740914176022351,-0.84808094717569,-0.885574814940619,-0.937515207839869,-1.1024438512227424,-1.278262505915739,-0.9996938756384874,-1.0637009874526862,0.4262945915622989,1.2700399617816496,-0.40297715094786746,-0.44445970667293416,-1.2806504778779606,-0.22505527216964435,-0.22505527216964435,1.6312528971076132,0.0
2024-10-19,-0.8029128965833877,-0.8029128965833877,-0.8029128965833877,-0.8680669185130293,-0.84273830613142,-0.8805616520793358,-1.125982251246292,-1.1418939779526889,-0.9450196664242123,-1.0488887730001695,0.4276052958017605,1.0669411470774823,-0.22152141381368362,-0.6192668355449218,-1.2880058332310897,0.5487594537663405,0.5487594537663405,1.3164664346288732,0.0
2024-10-20,-0.8077153021186135,-0.8077153021186135,-0.8077153021186135,-0.7968973692649755,-0.8627049821105421,-0.8377743469438762,-0.9255668557657432,-1.0912836352749444,-0.8983772192737036,-1.0374561005236456,0.2789632098053387,0.895940323886872,-1.0793867915295734,-0.5472280973666348,-1.3560849827788048,-0.09614804248907692,-0.09614804248907692,1.0877652336402355,0.0
2024-10-21,-0.7718006003483785,-0.7718006003483785,-0.7718006003483785,-0.8016991694759953,-0.7916041431555092,-0.8577180884253502,-0.8687973671595274,-1.114759221965981,-0.8431627138500688,-1.0251541977225815,0.3171944877621143,1.078444363412016,-0.9751801913547744,-0.6758225287612829,-1.3516327785181563,0.24440094245254543,0.24440094245254543,1.320601299498596,0.0
2024-10-22,-0.869914463659871,-0.869914463659871,-0.869914463659871,-0.7657889946117395,-0.7964013074920151,-0.7866989186487773,-0.8261483455323057,-0.9148786444367136,-0.8310556930641805,-1.01673846101079,0.14626959967324676,0.16066127917655643,-0.20492582145720992,-1.0940230001018478,-1.2530061920344429,-0.8699023607625742,-0.8699023607625742,0.17110063535991135,0.0
2024-10-23,-0.8726558088443337,-0.8726558088443337,-0.8726558088443337,-0.8638904910591739,-0.7605258019303393,-0.7914905727764578,-0.8460276312007595,-0.8582606478928659,-0.8275552999735313,-1.0087929208464517,0.12558898788080727,-0.022578763182325802,-0.5062125758089941,-1.1702207288978905,-1.2518756084927187,-0.07929074823323175,-0.07929074823323175,-0.045456922184787224,0.0
2024-10-24,-0.9143975027231365,-0.9143975027231365,-0.9143975027231365,-0.8666314907079286,-0.8585325867681328,-0.7556562752104838,-0.7752379869789687,-0.8157254371947704,-0.8362298171018989,-1.0017150173980893,0.0874278014638265,-0.28178958805411863,-0.46382243498080006,-1.1869491593345314,-1.2359579073022682,-0.41056639379103027,-0.41056639379103027,-0.3437912860038985,0.0
2024-10-25,-0.8186543986967614,-0.8186543986967614,-0.8186543986967614,-0.9083679232114646,-0.8612709401321909,-0.8535504856578927,-0.7800141550473861,-0.8355516740502393,-0.8282541515857773,-0.9935344687461187,0.13592534472341605,0.07270235479433482,-0.35720496931624346,-0.9188025038144657,-1.1993022058759992,0.7653348246560003,0.7653348246560003,0.06393280452465375,0.0
2024-10-26,-0.9205486726679981,-0.9205486726679981,-0.9205486726679981,-0.812636887224325,-0.9029670784012225,-0.856285693643178,-0.7442956696917623,-0.7649509353384463,-0.8451782867810714,-0.9862945861419115,0.09455211587797221,-0.45742869056391894,0.05837552691989701,-0.8219841664652925,-1.161606989315903,-0.910539981527472,-0.910539981527472,-0.5404063935445157,0.0
2024-10-27,-0.8934855437769109,-0.8934855437769109,-0.8934855437769109,-0.9145183178257059,-0.8073284654742734,-0.897933938112257,-0.8418734976323974,-0.7697143579767274,-0.8575179611035677,-0.9823151281070002,-0.0488508401015863,-0.35982288788829575,-0.8453567126910394,-0.7813926371254352,-1.2910196050961935,0.17648912824653779,0.17648912824653779,-0.4300708559101608,0.0
2024-10-28,-0.8358933388546314,-0.8358933388546314,-0.8358933388546314,-0.8874586001348781,-0.9091115351470832,-0.8024051794016798,-0.8445998657490635,-0.7340911890867622,-0.8667389158812725,-0.9777871476116736,-0.024725226834723137,-0.2934235591699457,-0.9990679269604817,-0.7196019968915168,-1.279226403325798,0.4355839775588683,0.4355839775588683,-0.35284515547695056,0.0
2024-10-29,-0.7165808019133395,-0.7165808019133395,-0.7165808019133395,-0.8298736544820334,-0.8820779421282711,-0.9040713370970294,-0.8861135080192215,-0.8314086259835627,-0.8446789634776656,-0.9695406298655915,0.13882685736324293,0.3725649045923368,-0.1550254567005683,-0.6758365237647346,-1.1748551027275345,0.948629721610883,0.948629721610883,0.4091383103406062,0.0
2024-10-30,-0.5328762301461808,-0.5328762301461808,-0.5328762301461808,-0.7105761564136897,-0.8245485915793889,-0.8770687959105882,-0.7908934869552499,-0.8341277186581046,-0.7957952333924264,-0.9545339834874375,0.43615697742501436,0.9436585236790576,0.6240352879263863,-0.2869409035115491,-0.9622092499033919,1.448603538261974,1.448603538261974,1.0677375216028877,0.0
2024-10-31,-0.5603142827376929,-0.5603142827376929,-0.5603142827376929,-0.526894739880554,-0.7053662686967186,-0.8196055258027488,-0.8922310716565613,-0.8755305798125907,-0.7448536535017248,-0.9353485747555799,0.6199511002826396,0.9874713268899569,-0.10504022616604224,-0.3382174225466712,-1.1890280711519263,-0.2716867179188858,-0.2716867179188858,1.130741938155721,0.0
2024-11-01,-0.6903190449607572,-0.6903190449607572,-0.6903190449607572,-0.5543293340141585,-0.5218621864882464,-0.700560100353918,-0.8653157994886942,-0.7805646578734109,-0.7263901813399742,-0.9155454307114083,0.6471208960917315,0.2959937764807944,-0.02517116185452277,0.02138077846115598,-1.2891292534634984,-1.0840627653659107,-1.0840627653659107,0.3155014801491148,0.0
2024-11-02,-0.7376920592533435,-0.7376920592533435,-0.7376920592533435,-0.6843177096516064,-0.5492702940272083,-0.5172667980442244,-0.8080382438716407,-0.8816318184423457,-0.7000827929774628,-0.896880771646148,0.5970470152690868,0.4629952534566981,0.27176931403102894,-0.15822438602879632,-1.262743400895628,-0.4417107279212523,-0.4417107279212523,0.5211416882290035,0.0
2024-11-03,-0.7507550943033477,-0.7507550943033477,-0.7507550943033477,-0.7316847527632809,-0.6791331730235541,-0.5446434235689267,-0.68937755915417,-0.8547883709498458,-0.6795483135548219,-0.878808723599821,0.5709822589605438,0.34008670946787406,-1.0595435979533907,-0.1346829526109486,-1.2556651344423182,-0.1635330901800705,-0.1635330901800705,0.3745585166376572,0.0
2024-11-04,-0.7817700339347081,-0.7817700339347081,-0.7817700339347081,-0.744746141269431,-0.7264544858552686,-0.6743571370308576,-0.506676639112994,-0.797663663195982,-0.6717616506860192,-0.8646811428952415,0.39749311221010064,0.06867837997783294,-0.2986250266433608,-0.13129422160164755,-1.2887248246443892,-0.31205010356270907,-0.31205010356270907,0.05757563811307693,0.0
2024-11-05,-0.8449825714330218,-0.8449825714330218,-0.8449825714330218,-0.7757571715904326,-0.7395032643078073,-0.7216240947691666,-0.5339647866227971,-0.6793196301216952,-0.6902346780166079,-0.8526601671188699,0.30483850009881974,-0.4904054929226126,-0.01601904764051961,-0.34496009758931334,-1.2412394173323673,-0.5816007130599169,-0.5816007130599169,-0.568988064730392,0.0
2024-11-06,-0.748485846710604,-0.748485846710604,-0.748485846710604,-0.8389617413986398,-0.770484355181352,-0.7346578848891935,-0.6632592807086234,-0.49710625611718645,-0.7212542064423607,-0.8389055058354637,0.38109103137615635,-0.7575277007769436,-0.22019304325362096,-0.9309994703785729,-1.1949530056620548,0.7582539649710749,0.7582539649710749,-0.8362715772290474,0.0
2024-11-07,-0.3551809643521936,-0.3551809643521936,-0.3551809643521936,-0.742477179706363,-0.8336279044469582,-0.7656033896813836,-0.7103734772314482,-0.5243215839161561,-0.6917418920005484,-0.8107926547542378,1.012605981580185,0.5312299687625199,2.712983868303344,1.2848487808162086,-0.2623403908358586,3.18901575003049,3.18901575003049,0.5423981703747781,0.0
2024-11-08,-0.332256710838711,-0.332256710838711,-0.332256710838711,-0.34922187187136167,-0.7372364933025761,-0.8286744098197761,-0.723365143683772,-0.6532710495361146,-0.6402278411503571,-0.7816919679574094,1.0560538696171133,0.9996595621175547,0.6605929129458047,1.0039809789614347,-0.2703676809021453,0.11739842463682781,0.11739842463682781,1.0798598633012761,0.0
2024-11-09,-0.2970414766397414,-0.2970414766397414,-0.2970414766397414,-0.3263005078692821,-0.34436085187995064,-0.732393717584966,-0.7542106362654873,-0.7002595195996512,-0.5768319059828629,-0.7480563268681747,1.2555143499752195,1.2526316973953384,0.13332478097264291,0.8922791456371031,-0.40043594216518835,0.20909419937057794,0.20909419937057794,1.3755877269341148,0.0
2024-11-10,-0.2920227528396601,-0.2920227528396601,-0.2920227528396601,-0.29108971241117354,-0.3214616171965708,-0.33996934834623416,-0.817077818328421,-0.7132165171762677,-0.5108345672157736,-0.7134040503735036,1.3002289321392013,1.3080170727898994,-0.505134491476263,0.8653361745191096,-0.4209118649791984,-0.018516117291087847,-0.018516117291087847,1.4421719322151592,0.0
2024-11-11,-0.05195914397107738,-0.05195914397107738,-0.05195914397107738,-0.28607162120135915,-0.2862848158286172,-0.3170964166110535,-0.7211082939004091,-0.7439796971037617,-0.40583744321279225,-0.6752953469948347,1.4522526400207436,2.138344879645427,1.5519009261910126,0.923071831956279,-0.30834125208045693,1.7361177740210416,1.7361177740210416,2.3903504894920475,0.0
2024-11-12,0.4593124711370937,0.4593124711370937,0.4593124711370937,-0.046038271400312546,-0.28127156931040304,-0.28196002068009324,-0.32995219379722085,-0.806679115121258,-0.21818988929915925,-0.6216785050184551,2.1343456832383345,3.898019959605134,2.8942534830579687,1.4612591188389223,0.5816980164111757,3.578781985885668,3.578781985885668,4.442919854559619,0.0
2024-11-13,0.4359837068271051,0.4359837068271051,0.4359837068271051,0.46516889994479194,-0.041469958532209576,-0.2769525325710705,-0.30715318467142194,-0.7109656899031744,-0.04778150227611545,-0.5680502423121788,2.1348480001579824,3.530988204181337,3.5042138233205127,1.7284924072634977,0.575821430479722,-0.2065851518775343,-0.2065851518775343,3.930233374172424,0.0
2024-11-14,0.575116476820974,0.575116476820974,0.575116476820974,0.4418430761331908,0.46924367035114434,-0.03742636721424558,-0.2721303454152929,-0.3208534083329228,0.08605941066967975,-0.5165240099903567,2.0423945897868037,2.7524456976224645,2.96343240213706,1.092112427454038,0.43694440065588713,0.8457331951509556,0.8457331951509556,2.7933798948942115,0.0
2024-11-15,0.38235255234211724,0.38235255234211724,0.38235255234211724,0.5809583089921996,0.44594036634198664,0.4727006362071278,-0.2671390409154268,-0.2981152394400944,0.1888694926398396,-0.47341637542050813,1.672120173931643,2.0917814997798923,1.7566775627793785,1.6420516600330322,0.6285262159496984,-1.2746738215699824,-1.2746738215699824,2.104334863105156,0.0
2024-11-16,0.603892584685427,0.603892584685427,0.603892584685427,0.3882186816429113,0.5849212910802553,0.44942409927585275,-0.028386995787848777,-0.26318586028514224,0.318485927056407,-0.4242888587453872,1.9368920986294955,2.6625041256095803,1.2504969878370866,1.64875940763803,0.7187794599627577,1.3939150177117154,1.3939150177117154,2.6666647470717355,0.0
2024-11-17,0.5825223825318326,0.5825223825318326,0.5825223825318326,0.6097307897421749,0.3923677432609324,0.5882453851390843,0.48009133750913413,-0.25820787531714356,0.44430581449242573,-0.3752078991732599,1.934844381821557,2.5816734618273,0.08583648286077245,1.692495976005527,0.7160840394816822,-0.19044063750296922,-0.19044063750296922,2.5818510902524876,0.0
2024-11-18,0.5346545249120382,0.5346545249120382,0.5346545249120382,0.5883632812179619,0.6136659935795017,0.3959130117853664,0.45689002759148606,-0.020092951301609967,0.5287013051333419,-0.330138236553445,1.7584158744148248,1.6997242835652648,0.06265782206282725,1.6935332178100946,0.743791770435264,-0.3582464916369509,-0.3582464916369509,1.6016162850736486,0.0
2024-11-19,0.5780276909402047,0.5780276909402047,0.5780276909402047,0.5405014571521215,0.5923191142118218,0.6169570703593127,0.5952626594820849,0.4870284835403774,0.5457807387593995,-0.2834452862234297,1.829812789479292,0.2665268018553295,1.0187154043467976,-0.1438798902506288,0.7330470818799959,0.22015696481757652,0.22015696481757652,0.1866166987223424,0.0
2024-11-20,0.6854685724873847,0.6854685724873847,0.6854685724873847,0.5838691561644155,0.5445034981097923,0.5956347108443697,0.4035518816051301,0.46388908741436913,0.5816738635905528,-0.2343422437072359,1.9358156539331288,0.6670810834416487,1.1215472742474804,-0.10890730517819688,0.7403897159860223,0.6228700387256734,0.6228700387256734,0.5402524138814762,0.0
2024-11-21,0.8084491509602408,0.8084491509602408,0.8084491509602408,0.6912964952138125,0.5878293279893142,0.547874017611634,0.6238815519324227,0.6018924653994799,0.6152431896412621,-0.1777893696997845,2.263480911843593,0.6176060739443369,1.1299699798756224,-0.14960855993376967,0.642085596226964,0.7065980160884793,0.7065980160884793,0.4812927936996263,0.0
2024-11-22,1.0770217428914406,1.0770217428914406,1.0770217428914406,0.8142615724716066,0.6951529518399705,0.5911500817642762,0.6026281037608864,0.41069327679048956,0.7151845143655238,-0.1120945059777631,2.6655722103051716,2.030704011840411,2.3705321319133104,-0.46934103737806415,0.7308294505158361,1.5746926934541898,1.5746926934541898,1.7579196313501166,0.0
2024-11-23,1.103201123366339,1.103201123366339,1.103201123366339,1.0828003118908163,0.8179993130657116,0.6983504295422722,0.5550217674383414,0.6304349869832406,0.7870195078858855,-0.04411102498179877,2.7662322547913605,1.4323040922990216,1.2957106550697142,-0.6817856713710606,0.686852768342251,0.09600821689843662,0.09600821689843662,1.1735845659435304,0.0
2024-11-24,1.0251071263678377,1.0251071263678377,1.0251071263678377,1.1089763925584446,1.0862787930731654,0.8210556846777681,0.5981579684714249,0.6092382546422497,0.8506937087911274,0.018014972220759467,2.5086030802086654,1.2585561346287188,0.0247982233576518,-0.5430378934653829,0.7406023296204503,-0.5076134224067048,-0.5076134224067048,1.0296421357419643,0.0
2024-11-25,1.0461614256513312,1.0461614256513312,1.0461614256513312,1.0308922389991073,1.1124296021718176,1.0890270084798679,0.705011857407759,0.5617589580772991,0.9242836678118527,0.08428375178114543,2.6908146981946506,1.4696683148507947,0.1326023861694065,-0.6775421330522595,0.6191088157071053,0.06728418077593218,0.06728418077593218,1.2219479076980528,0.0
2024-11-26,0.7325896480553202,0.7325896480553202,0.7325896480553202,1.0519438844715254,1.0344208345763939,1.115147779745964,0.8273205436753244,0.6047800481199955,0.9465203337763316,0.13907475454674406,2.185988689966599,0.3763272377065217,1.4193852069747572,0.41972367857099196,0.9946958191286625,-1.8861678066740108,-1.8861678066740108,0.27409191273938355,0.0
2024-11-27,0.6654561311471671,0.6654561311471671,0.6654561311471671,0.7384116313567152,1.0554521558407166,1.0372286160434874,1.0944258158612916,0.7113487924054891,0.943641164920539,0.1896630934969913,2.001143311304843,-0.15840329779570084,1.6817412726956977,0.3948426191185618,1.040144677212736,-0.468954910841854,-0.468954910841854,-0.18343727251928035,0.0
2024-11-28,0.9188391627793444,0.9188391627793444,0.9188391627793444,0.6712865763626007,0.7422226009052635,1.0582357799173372,1.120462167884878,0.8333310921653877,0.9595228596431797,0.24476897067812156,2.1998377826200537,0.24102625330499255,1.1539108794280537,0.7285019271643609,1.1119468217347255,1.5207078587497047,1.5207078587497047,0.1467456304979809,0.0
2024-11-29,0.8988415527047329,0.8988415527047329,0.8988415527047329,0.9246376700667315,0.6751623514669861,0.7453660125849126,1.0427948297012473,1.0997235813133832,0.9338882633646267,0.29301105283629675,1.8979481131583007,-0.6428794053362016,0.07962838436743061,0.21905258734864338,1.0395461724520076,-0.17521086706267783,-0.17521086706267783,-0.5619484587399792,0.0
2024-11-30,1.010951911789624,1.010951911789624,1.010951911789624,0.9046425806117034,0.9282688485975888,0.6783827911474216,1.0637341009067132,1.1256904541015311,0.9206164664645012,0.3459552529829271,2.1047609390887856,-0.3796683124444356,0.9284765644899303,0.3272948346135989,1.0229525189467177,0.6144088395856485,0.6144088395856485,-0.35358518791739313,0.0
2024-12-01,0.9521260097832052,0.9521260097832052,0.9521260097832052,1.0167388086296534,0.9082930633038201,0.9311985603486872,0.7518754916481926,1.0482303748791655,0.910116750095108,0.40129784229789,2.210249070777817,-0.3206491272466665,-0.10232561325050608,0.31269239982807684,0.9188496314324914,-0.40133837596255834,-0.40133837596255834,-0.30951352950359684,0.0
2024-12-02,1.0020952125260716,1.0020952125260716,1.0020952125260716,0.957920321395303,1.0202810685670238,0.9112457200158783,0.6851087520579254,1.0691137686501628,0.9037769904293051,0.45992040151189945,2.354511687210337,-0.2320812619260153,0.08227270784488581,0.3297049914664017,0.8742554787755361,0.24016244187395638,0.24016244187395638,-0.23875721664190028,0.0
2024-12-03,0.9095754720463287,0.9095754720463287,0.9095754720463287,1.0078832257179813,0.961519367353319,1.0231050915172077,0.9371074506025479,0.7580873688239226,0.9292397545013513,0.5158656475310387,2.2367556655427037,0.44501271764329337,1.8021160452042677,-0.42110817593164185,0.9206939308367459,-0.5999162179137855,-0.5999162179137855,0.32064110225883746,0.0
2024-12-04,0.9219960342092647,0.9219960342092647,0.9219960342092647,0.9153751469852596,1.0114340352345352,0.9644108862702673,0.9172190954891702,0.6914987994325855,0.9661478801321793,0.5732744634458927,2.3011277265634877,0.6886910329029818,1.3683070082781346,-0.5225183268995648,0.8968478748660889,0.018121666500015798,0.018121666500015798,0.5316895096910252,0.0
2024-12-05,1.1003211355651794,1.1003211355651794,1.1003211355651794,0.9277941435855054,0.9190152679736956,1.0142682202299873,1.0287169507353504,0.9428250275446942,0.9922575003953812,0.6388219493957701,2.6590901072164153,0.45878465713744515,1.7096430439469286,-0.9026171721337025,0.8565931688062138,1.0062700108662048,1.0062700108662048,0.3177474504339179,0.0
2024-12-06,0.9951991572931804,0.9951991572931804,0.9951991572931804,1.1060967677683462,0.9314222747144517,0.9219556087460331,0.9702124382159396,0.9229897454465437,1.0061203674705879,0.6975758436539153,2.3602881844585584,0.19804425423052446,4.767550491213025,-0.7360568379687401,0.9269998986267686,-0.6641903064915523,-0.6641903064915523,0.10765863634968491,0.0
2024-12-07,1.1686755848870236,1.1686755848870236,1.1686755848870236,1.0009880397055524,1.1095527575013802,0.9343483643181313,1.0199086391706826,1.0341900633983856,1.0288119061830856,0.7489225641642135,2.034499138179648,0.38601173953080126,2.292576462262323,-0.5730730657335474,0.33952621815967,0.9649486337006569,0.9649486337006569,0.25298654441495105,0.0
2024-12-08,1.1566600772314728,1.1566600772314728,1.1566600772314728,1.1744426012824543,1.0045455061456972,1.1122742395307794,0.9278943711259844,0.9758416729346248,1.0582380070237705,0.7990919808447406,1.9827178913858095,0.5293944317227142,0.4772680191142203,-0.6348634547435412,0.35085187071132007,-0.12477600903552272,-0.12477600903552272,0.3720636014844429,0.0
2024-12-09,1.247613643479777,1.247613643479777,1.247613643479777,1.1624286081340767,1.1778326068650034,1.00738760357256,0.9402470747782008,1.0254052572292687,1.0935604850716791,0.8511395143065847,2.0653229302056375,0.6549316859730183,0.5308680071380492,-0.6045864187774397,0.3528316489106577,0.46542986317156015,0.46542986317156015,0.4680743381822014,0.0
2024-12-10,1.004738316607088,1.004738316607088,1.004738316607088,1.2533707100454214,1.1658302125675148,1.180475660013888,1.1175979146117145,0.9336365336059774,1.1072514632801838,0.8948341968767789,1.6979402525018275,0.19438464162377198,3.32152854397564,-0.11074575485636075,0.5716653548389297,-1.4284718647573165,-1.4284718647573165,0.10426545107652474,0.0
2024-12-11,0.9606718405224344,0.9606718405224344,0.9606718405224344,1.010525996646192,1.256684514871636,1.1684870521315283,1.0130502598522797,0.9459562734849057,1.1128157107958403,0.9289550464848436,1.276855231933415,0.021361881824338777,2.6249046269110656,-0.08561799353216627,0.4127970168062874,-0.31496217666417853,-0.31496217666417853,-0.036089542098780784,0.0
2024-12-12,1.2406208013223161,1.2406208013223161,1.2406208013223161,0.9664650749663988,1.0140742547124868,1.2592369956638292,1.185578916172403,1.122833844223546,1.1330004759256296,0.9552814224697882,0.9340316106214489,0.33264109149710963,2.3811785318422563,0.24836109426336794,-0.419134494442592,1.6009835021433731,1.6009835021433731,0.20552801881295507,0.0
2024-12-13,1.1703623768247469,1.1703623768247469,1.1703623768247469,1.2463787493080312,0.9700558714338972,1.0169054070495498,1.1736290540524046,1.0185651798200948,1.1582010238139113,0.9800264920341886,0.8644811547849667,0.4394299846238463,1.7713538550664085,0.19172501737903147,-0.39874525728952,-0.4534795811908237,-0.4534795811908237,0.2966454179880428,0.0
2024-12-14,1.2549258882627308,1.2549258882627308,1.2549258882627308,1.1761291806067316,1.2496993044885212,0.9729375849915075,1.2640857045033977,1.1906334352698698,1.1706097641100246,1.0029328370356252,0.7836087003062722,0.1670850606844319,1.0655036297083913,0.04407738860606436,-0.4414384461228588,0.42773302206838565,0.42773302206838565,0.07328780820262368,0.0
2024-12-15,1.2558507867528539,1.2558507867528539,1.2558507867528539,1.260682033148868,1.179517557889526,1.2522598087640058,1.0225373029144373,1.1787154619214988,1.18488022700772,1.0323655744746705,1.0706584226796985,0.20672220318137632,0.3532929232309887,0.04017829353640059,-0.6252956823134482,-0.05080106205931777,-0.05080106205931777,0.1045199341232663,0.0
2024-12-16,1.465753884539397,1.465753884539397,1.465753884539397,1.261606815059198,1.2639887792939735,1.1821586756383797,0.9787115796556654,1.2689307245272219,1.2162638337139953,1.0614062025471351,1.0534123122299885,0.5710708548735957,0.7950274534506898,0.2437738518466334,-0.6856475871813492,1.128567634401118,1.128567634401118,0.3805161733060581,0.0
2024-12-17,1.5503915064427503,1.5503915064427503,1.5503915064427503,1.4714834553912275,1.264912668378134,1.266532870125044,1.257131067046197,1.0280269062596343,1.2947663833795025,1.0940187902745115,1.2105174874203555,1.5742601886620484,2.2717583688656733,-0.4285913407992837,-0.6885018819048343,0.40633091674608296,0.40633091674608296,1.2008804269124684,0.0
2024-12-18,1.5479390010628256,1.5479390010628256,1.5479390010628256,1.5561104090574027,1.4745866843348816,1.2674556979944058,1.1872564924895057,0.9843181340138846,1.3792558911768062,1.1281616594443924,1.2778237163091222,1.7017259627744366,1.550067433275119,-0.5130022441232743,-0.7095877751945661,-0.0692480282385744,-0.0692480282385744,1.3129722714332819,0.0
2024-12-19,1.1925615299699897,1.1925615299699897,1.1925615299699897,1.553658212806072,1.5591319353228001,1.476888874252505,1.2713579995614936,1.2619946458486413,1.372341654429907,1.148868528009244,0.6868693291262228,-0.24431220863380418,2.222266890555521,0.12340231693831,-0.2904010517907328,-1.9733058965110724,-1.9733058965110724,-0.24486123566153742,0.0
2024-12-20,1.0358629266554336,1.0358629266554336,1.0358629266554336,1.198325535636602,1.5566821065323395,1.5613370132893925,1.272277844960357,1.1923065348953148,1.3529913602071602,1.160675151789438,0.29541067583282116,-0.5090830084572463,1.788578475517986,0.24541952573459802,-0.2288045875568393,-0.9492635226023378,-0.9492635226023378,-0.4516683597404902,0.0
2024-12-21,1.0258561655608684,1.0258561655608684,1.0258561655608684,1.0416466835606566,1.201692483557061,1.5588899984672004,1.4810341579698199,1.2761836131223823,1.320035340489429,1.1680007345165335,0.09832145655390172,-0.7987567115968243,2.1774685607580255,0.16599021061721533,-0.27119677171243756,-0.11452369603263358,-0.11452369603263358,-0.6692756865275428,0.0
2024-12-22,0.9952820427673815,0.9952820427673815,0.9952820427673815,1.031641183778713,1.045164896312073,1.2043081303271148,1.5652093706119923,1.2771010038703414,1.2825475897586804,1.1652464952549966,-0.3450184331432754,-0.8952398652998587,0.21193342160799988,0.1579797741956704,-0.5096747770213482,-0.23505859967669526,-0.23505859967669526,-0.7430865271466159,0.0
2024-12-23,0.8633420829572667,0.8633420829572667,0.8633420829572667,1.0010709147323675,1.0351690562909273,1.047960336733573,1.562770264252211,1.485300240796038,1.195879238407101,1.1571643860066534,-0.5793536520523799,-1.94232307374149,-0.06787722610616567,-0.35137324923806806,-0.4578252008630464,-0.8325242343670652,-0.8325242343670652,-1.4997033735373364,0.0
2024-12-24,0.8352237457667521,0.8352237457667521,0.8352237457667521,0.8691475854318639,1.0046283011612234,1.0379759783215692,1.2093343627610822,1.5692508279064943,1.092988805990596,1.1507662188838073,-0.5052889793809534,-2.2877004883041274,0.6058000856886828,-0.5946370429989268,-0.4728445782765185,-0.2251749192505155,-0.2251749192505155,-1.7350225889056468,0.0
2024-12-25,1.088697719219138,1.088697719219138,1.088697719219138,0.8410327924464375,0.872832336593366,1.0074703034865233,1.0534918667396809,1.5668182304172673,1.02691824650712,1.1521994897375893,-0.16083955828561225,-1.5037842652720612,0.08298226184650216,0.3196365757044937,-0.2541839714231371,1.4760591998051873,1.4760591998051873,-1.1617010498710296,0.0
2024-12-26,1.1293231157982435,1.1293231157982435,1.1293231157982435,1.0944748165079206,0.8447446868972349,0.8758257248700668,1.0435397765928633,1.2143254893270226,1.01782020247153,1.1655675213252408,0.3640859327877822,-0.29080671894064514,-0.42115700980968085,-0.31010066375580764,-0.5867491365690857,0.17945353361286215,0.17945353361286215,-0.28169161867914394,0.0
2024-12-27,0.8998875661352446,0.8998875661352446,0.8998875661352446,1.1350950924166145,1.0979420265969215,0.8477703377366462,1.013132692489905,1.05889886636889,0.9982575705812332,1.1734667460765291,0.12355190129964301,-0.5136037992447846,-0.053609613733346814,-0.08982348130512224,-0.421936967124681,-1.3771967426111453,-1.3771967426111453,-0.4622800886524338,0.0
2024-12-28,0.8156404384049637,0.8156404384049637,0.8156404384049637,0.9056884621963632,1.1385230858590334,1.100676845161701,0.881913573577301,1.0489733338448068,0.9680140553431067,1.169989439725011,-0.37682102690701563,-0.7410059347140071,-0.17133790576352775,-0.05962166955417956,-0.6290564537750714,-0.5597390970863264,-0.5597390970863264,-0.6435235056912951,0.0
2024-12-29,0.8689953406159212,0.8689953406159212,0.8689953406159212,0.8214519534830159,0.9093379351472225,1.1412112914468118,0.853948858135998,1.018647392482332,0.9498453205269062,1.1689837642818857,-0.26811151045578574,-0.48392693067958453,-0.8035681903093715,-0.011870568358284806,-0.619713382008027,0.26754315300256165,0.26754315300256165,-0.4407837340292808,0.0
2024-12-30,0.7738098972252724,0.7738098972252724,0.7738098972252724,0.8748001305197706,0.8251827521589629,0.9122893916789974,1.106038001649205,0.8877784379878734,0.936964419273119,1.1609932058863697,-0.5753269792560192,-0.37134591982687054,-0.7493437197449535,-0.0679836693117098,-0.6361461488718196,-0.6280916489718245,-0.6280916489718245,-0.3557291796282314,0.0
2024-12-31,0.7089731356629196,0.7089731356629196,0.7089731356629196,0.7796266848774419,0.878479424459281,0.828230872594551,1.1464414453993574,0.8598883477108927,0.9188008769817942,1.1528001101025422,-0.5842351627036133,-0.4838163788453709,0.36235228484074006,-0.04693708482858586,-0.6327941111086344,-0.4520228808986774,-0.4520228808986774,-0.44904231782721676,0.0
2025-01-01,0.76407412315053,0.76407412315053,0.76407412315053,0.7147980957322089,0.7833978635542731,0.8814663262720598,0.9182593941289457,1.1113047794349145,0.8720976221531244,1.1447799310654634,-0.576629781227912,-1.0914432356623007,-0.044388346799711334,-0.7890789156674457,-0.6296557301891298,0.28428167719142405,0.28428167719142405,-0.9139544287711665,0.0
2025-01-02,0.8189085934680319,0.8189085934680319,0.8189085934680319,0.7698921379584798,0.7186318628531622,0.7864939797318883,0.8344725422336221,1.1516004046865957,0.8274386117962692,1.1417248883344226,-0.35824864466290274,-1.0479200978118912,-0.775546664922005,-0.7517492197082034,-0.6438001655485937,0.2794464877320593,0.2794464877320593,-0.8748337177979527,0.0
2025-01-03,0.9733387929290728,0.9733387929290728,0.9733387929290728,0.8247196966080763,0.7736727148059934,0.7218023717685725,0.8875359452228752,0.924027268000251,0.8380059624262747,1.1434548951933565,-0.14778824567901036,0.12788081805137322,-0.05002895466745921,-0.9074517121455938,-0.5586880229803194,0.8799843861572706,0.8799843861572706,0.05068910945527128,0.0
2025-01-04,1.05044192517904,1.05044192517904,1.05044192517904,0.9791304307538322,0.8284473404574153,0.7767800016662664,0.7928705380710008,0.840464005277643,0.8717866050036018,1.1417742029548057,-0.2978007125037338,0.622105124055422,-0.3628732393021623,-1.0259664532431505,-0.6486055433366054,0.3993945267671201,0.3993945267671201,0.4600106592309459,0.0
2025-01-05,1.0612293891246678,1.0612293891246678,1.0612293891246678,1.0562238444592145,0.9827089995155692,0.8314917110603959,0.72838800573127,0.8933858060690875,0.899443115075512,1.1439991078257898,-0.12602119162576797,0.49171882881408147,-0.8516705764851306,-1.0277935825192646,-0.6868320407528722,0.006895101684592577,0.006895101684592577,0.34836998967639826,0.0
2025-01-06,1.0679780124966078,1.0679780124966078,1.0679780124966078,1.0670099486877174,1.0597279837619813,0.9855761792000135,0.7831879544332732,0.7989730180285782,0.9417647719617326,1.1406060784043655,-0.37311428238967376,0.8039482197681318,-0.8821318329973088,-1.2912418594218367,-0.7922409197399579,-0.016730013055645327,-0.016730013055645327,0.6149486802510624,0.0
2025-01-07,1.3098133867735915,1.3098133867735915,1.3098133867735915,1.0737577214223977,1.0705036745989434,1.0625066964569825,0.8377228420553194,0.7346625603728142,1.0282070260023541,1.1457666167662028,0.0030965080215685165,1.743301050835942,-0.01839707517024413,-1.0853033770093607,-0.5967025302698682,1.3504358889287589,1.3504358889287589,1.41055869908251,0.0
2025-01-08,0.9795931685870851,0.9795931685870851,0.9795931685870851,1.3155626133078293,1.0772449327294604,1.07327000991794,0.9913093274229007,0.7893162728227325,1.0592135240553415,1.1367356010697298,-0.6210893176744229,0.5630419952493959,0.46231893801952706,0.25811914221141036,-0.2980482894154246,-1.90389995816203,-1.90389995816203,0.4161931096136563,0.0
2025-01-09,0.8584888912030415,0.8584888912030415,0.8584888912030415,0.9853840180725526,1.3188163752654034,1.080003524778175,1.067991214349374,0.8437056315207088,1.0649078997991266,1.1318076907787236,-0.44062280745955723,0.024132386472426826,0.6340710279792501,0.38961224030066954,-0.42242936368457784,-0.7705964633210182,-0.7705964633210182,-0.032139296648882994,0.0
2025-01-10,0.6932667253782969,0.6932667253782969,0.6932667253782969,0.8642950054032467,0.9889565493390176,1.3212974889954197,1.0787197420545813,0.9968822640960339,1.0246142264505878,1.1227974097800404,-0.620177345355756,-0.9549795679505642,0.6360740040357198,0.3437352289180225,-0.34025375858464063,-1.050771234074448,-1.050771234074448,-0.8194626008531543,0.0
2025-01-11,0.8409627534505331,0.8409627534505331,0.8409627534505331,0.6990936651784241,0.8679844414643891,0.9918165528456703,1.0854314949913977,1.0733595217844785,0.9944766786659613,1.1093308337470082,-0.8161781627525493,-0.7387498268218732,0.5559298829800188,0.4997527660208991,-0.5292415058009716,0.8586263198821039,0.8586263198821039,-0.639688240749978,0.0
2025-01-12,0.8298825010022789,0.8298825010022789,0.8298825010022789,0.8467710767510196,0.7029425940649988,0.8709833982212691,1.3259456256626183,1.0840594199066451,0.9611930455577984,1.0978582807485218,-0.7284752297854593,-0.8057317886729587,-0.9558651828627719,0.49148891468730604,-0.5401542905735028,-0.12292937262967114,-0.12292937262967114,-0.6917174452458256,0.0
2025-01-13,0.8233259741623419,0.8233259741623419,0.8233259741623419,0.8356922209247221,0.8504774312033181,0.7061311242824274,0.9975295329192032,1.0907532622136589,0.9259952145034485,1.0833154156916727,-0.8635164845641229,-0.8464861613684225,-0.8970969011861596,0.4859529710025863,-0.5695747970812631,-0.09568708717800781,-0.09568708717800781,-0.7232669618031609,0.0
2025-01-14,0.8234247454811205,0.8234247454811205,0.8234247454811205,0.8291365205090373,0.8394092714041587,0.8534964971905014,0.8770868967553599,1.3306255695643139,0.8560189930113685,1.0687447140769843,-0.8647408173446327,-1.5869380506149529,0.9834581389790743,-0.10396889648994757,-0.5696448838340042,-0.05542328392020069,-0.05542328392020069,-1.26318143658119,0.0
2025-01-15,0.9559389630236684,0.9559389630236684,0.9559389630236684,0.8292352793780823,0.8328599001573569,0.8424410507085285,0.7127674058630105,1.0030858706801016,0.8526158873727879,1.0515663751446767,-0.9794322912681791,-0.16955821255109577,0.1517014947803643,-0.5529160962985614,-0.6509610075035398,0.7465372927405012,0.7465372927405012,-0.18986813997253169,0.0
2025-01-16,1.1899069165413403,1.1899069165413403,1.1899069165413403,0.9617327940281051,0.8329585636801351,0.8358992023232994,0.8596565113199327,0.8829646413810635,0.9002966495836691,1.039419758394445,-0.7581225142002121,0.9180466473368962,0.363749971161279,-0.31793841836837494,-0.47094792545679726,1.3299086500591981,1.3299086500591981,0.6975316978855389,0.0
2025-01-17,1.1731012866498762,1.1731012866498762,1.1731012866498762,1.1956712568114665,0.9653281592530758,0.8359977525173325,0.8486367947330729,0.7190836448132839,0.9693299424867913,1.0267895095903228,-0.7793940586449241,1.372654278462679,0.11550819307184353,-0.8004149525213364,-0.47099974889862717,-0.15186053109412156,-0.15186053109412156,1.1032728165160408,0.0
2025-01-18,1.4306620250220656,1.4306620250220656,1.4306620250220656,1.1788677452031202,1.199040767292427,0.9682153032440746,0.8421160888278902,0.8655807697526532,1.0541693555363139,1.0348123642211646,0.1289895029980672,1.7091756463797665,0.7449642094294849,-0.5368671608279615,-0.6160491191686859,1.4167373279733302,1.4167373279733302,1.348253180411764,0.0
2025-01-19,1.4415449888302359,1.4415449888302359,1.4415449888302359,1.436396019063867,1.1822534785521275,1.2016594599265245,0.8422143205193553,0.8545904598001219,1.1421685933739996,1.048481920894942,0.37734788310545175,1.776450129316925,0.09118356707402883,-0.5752790069953604,-0.7091019030511972,0.0037492782847579494,0.0037492782847579494,1.4062543738664164,0.0
2025-01-20,1.2501144315745338,1.2501144315745338,1.2501144315745338,1.4472776111175327,1.439533123001207,1.1848914537165036,0.9740045597641697,0.848087154706712,1.2035701991902452,1.0560383582202777,0.10847511325890294,1.21017128110443,0.8721217142300218,-0.051614700158777393,-0.5856120250332937,-1.1056324976132794,-1.1056324976132794,0.9425539813545963,0.0
2025-01-21,1.2807487568998863,1.2807487568998863,1.2807487568998863,1.255871182925739,1.4504042094750784,1.4418755767975453,1.2066942525498752,0.8481851242622674,1.2693649229972157,1.065657229230723,0.19918694562021186,1.303703284022773,2.436666277031382,-0.07533290323588422,-0.5898714429569647,0.11701996166492452,0.11701996166492452,1.0194057330328605,0.0
2025-01-22,1.55715758083909,1.55715758083909,1.55715758083909,1.286501646915659,1.2591825736826483,1.4527341763202875,1.189980438552183,0.9796236750273482,1.3558616122571039,1.089035512753039,0.8043659291568133,1.744460007890575,1.613940135986119,0.1703139995535812,-0.46078984382358296,1.4977937927443399,1.4977937927443399,1.3484548744082274,0.0
2025-01-23,1.4001786879266578,1.4001786879266578,1.4001786879266578,1.5628756306168503,1.2897834656410134,1.2617321851077028,1.44613401934998,1.2116924243746439,1.3861131905194837,1.1080718082169916,0.6133926650424137,0.5469693197129303,0.27732540994950605,0.2362740007038795,-0.3791367922917025,-0.9017577021047566,-0.9017577021047566,0.36657513582419465,0.0
2025-01-24,1.4248374298716613,1.4248374298716613,1.4248374298716613,1.4059165242724228,1.565890625432202,1.2922979276959181,1.4569575251636933,1.1950232119792334,1.422330204282057,1.119398118284632,0.2742850816919557,0.6739768646482809,1.849706197717694,0.21916435950946794,-0.5766932349867814,0.08004417043517129,0.08004417043517129,0.4664644290687943,0.0
2025-01-25,1.4728679586758477,1.4728679586758477,1.4728679586758477,1.430572158080623,1.409083054488844,1.568087940105466,1.2665728297901824,1.4504932348449304,1.4284023274997966,1.130973946100444,0.28525959801543366,0.03217484695518652,0.157571930294423,-0.18594123938797152,-0.5757038764204359,0.20800488746786935,0.20800488746786935,-0.035504616649747696,0.0
2025-01-26,1.4704180860610727,1.4704180860610727,1.4704180860610727,1.4785966328267965,1.4337148846360477,1.4114604844136782,1.2970397875144384,1.4612878576220332,1.4325562695853244,1.15019811202594,0.621655754389784,-0.008664330056377345,-0.7932603693996804,-0.18546315296495397,-0.7766642824387872,-0.0693899694714563,-0.0693899694714563,-0.06605131012935152,0.0
2025-01-27,1.330015587816003,1.330015587816003,1.330015587816003,1.476147069008766,1.481692994388107,1.4360640214864027,1.5719384792312658,1.2714112128026769,1.444051564771021,1.1675301089566474,0.538432658348621,0.14763729012291513,-0.862917457485059,-0.32448933000021013,-0.7362532219564839,-0.822456782330401,-0.822456782330401,0.05574446545806226,0.0
2025-01-28,1.2928605919198852,1.2928605919198852,1.2928605919198852,1.3357622679427759,1.4792457954894767,1.4839870217226658,1.4158172249464347,1.3017968680108623,1.4457940817175157,1.1818123526518258,0.40429564039666893,-0.06000495501054643,1.5425682602243787,-0.3121302385587544,-0.7317325386171569,-0.26328247970008967,-0.26328247970008967,-0.1035538913526137,0.0
2025-01-29,1.252478186346425,1.252478186346425,1.252478186346425,1.298611955286802,1.3389965282426388,1.4815426337715083,1.4403412462980658,1.5759619795815067,1.4019601781616322,1.1979411981595736,0.4855145592248556,-1.0303531005495175,-0.029366892306560474,-1.2575497072707646,-0.7669050503565411,-0.28259775631484224,-0.28259775631484224,-0.814148656293402,0.0
2025-01-30,1.403022308698981,1.403022308698981,1.403022308698981,1.2582346397556987,1.3018820821742068,1.3414544622670557,1.4881093650671047,1.42025734223954,1.4023692868868578,1.2213273554235755,0.804712239218084,-0.08839398118883537,0.025169611552860054,-1.0752490319176786,-0.7403377967957,0.7940269558450072,0.7940269558450072,-0.12533223153683634,0.0
2025-01-31,1.4695090603580339,1.4695090603580339,1.4695090603580339,1.4087597866176051,1.261543748724778,1.3043826472893947,1.4856728770886216,1.4447159200815793,1.4087961473106967,1.2450971588063657,0.8215861114133086,0.03972740563128311,-0.15064793150439737,-1.0312667937589435,-0.7392076646727039,0.3106882210383185,0.3106882210383185,-0.02978459420991092,0.0
2025-02-01,1.3193871444440277,1.3193871444440277,1.3193871444440277,1.4752381578848184,1.41192357182031,1.2640906480126943,1.3460374539813147,1.4923565673689223,1.386715024234031,1.2619609064414,0.5178376923533333,-0.5672239217842558,-0.3142616590180573,-0.8350368391530618,-0.6532196366203805,-0.875627181217853,-0.875627181217853,-0.47997316039902177,0.0
2025-02-02,1.212535791483815,1.212535791483815,1.212535791483815,1.325135164244012,1.4783377618693254,1.41429773901688,1.3090854507238738,1.4899265812737192,1.3496137701499062,1.270020708026939,0.13061453753127975,-0.8870111299104512,-0.7903748154410432,-0.775402283946812,-0.6805261579613676,-0.6530571608715023,-0.6530571608715023,-0.7169908328699262,0.0
2025-02-03,1.0181522230557003,1.0181522230557003,1.0181522230557003,1.2182972794738378,1.3283796844291322,1.4806356431539553,1.2689236704220834,1.3506637818899216,1.3047463163587523,1.2689326985872609,-0.27173279910467224,-1.0523579781388779,0.4349318106411498,-0.6191147331164294,-0.570748526599662,-1.160568901813236,-1.160568901813236,-0.8549565916885696,0.0
2025-02-04,1.2620987776832384,1.2620987776832384,1.2620987776832384,1.0239382123249992,1.2216449457719498,1.3308498133717077,1.4186453098784206,1.3138103867989368,1.3003206465470525,1.2757010419451307,0.07381244828320495,-0.19132919057310496,2.5031576691950543,0.017429766938360847,-0.38187871038899823,1.3742925757125906,1.3742925757125906,-0.2035955798991961,0.0
2025-02-05,1.0525754665296536,1.0525754665296536,1.0525754665296536,1.2678540184550602,1.0274735216333055,1.2242376743708359,1.484768817757443,1.2737557801052883,1.2715608528117455,1.2751820493776853,-0.2467057819951524,-0.709416652517487,0.8796274158172063,0.2720702389529384,-0.2468811210143645,-1.2373036874022305,-1.2373036874022305,-0.601027941632612,0.0
2025-02-06,0.9564901840872131,0.9564901840872131,0.9564901840872131,1.0583571168853871,1.2711538404420513,1.0302892830532224,1.3354670780566118,1.4230778802932749,1.207318746392216,1.2632767373276774,-0.7475092316143972,-1.4648554503224618,0.07236824109863378,0.03283114567019913,-0.4098471094419242,-0.6162326739433266,-0.6162326739433266,-1.1555598131081504,0.0
2025-02-07,0.9597773039592993,0.9597773039592993,0.9597773039592993,0.9622839456124168,1.0618591966307303,1.2736897012062731,1.229199496876222,1.4890249344675772,1.1339841755179405,1.2626090369045473,-0.2532463860264978,-1.65843923607805,-0.07307721193547438,-0.05790320439401958,-0.7352706615699253,-0.03655171908009055,-0.03655171908009055,-1.2885991982603238,0.0
2025-02-08,0.9549614746873636,0.9549614746873636,0.9549614746873636,0.9655706511560561,0.9658787787307878,1.0646354613320557,1.035877923814248,1.3401216135127616,1.0815546382727288,1.2658597042876083,-0.08090517276421541,-1.2133590742138405,0.34519628840756583,-0.08720255321342041,-0.7900702011114593,-0.08453038058679306,-0.08453038058679306,-0.9782320671487397,0.0
2025-02-09,0.9549477907667839,0.9549477907667839,0.9549477907667839,0.9607554289003354,0.969162311140645,0.9687652902589203,1.2784917006113585,1.2341376123932664,1.044495723936283,1.274677112024609,0.1639362596808579,-0.8861096923865892,-0.8589045827957755,-0.1020553571744109,-0.903518084496743,-0.05610256333563759,-0.05610256333563759,-0.7402490672074246,0.0
2025-02-10,0.9543433926460243,0.9543433926460243,0.9543433926460243,0.9607417467045597,0.9643517377176855,0.9720450510762296,1.0701130993082146,1.0413319270823083,1.0353156147173825,1.2784975004955303,-0.0558471822030198,-0.2925539337846643,-0.7031982456500019,-0.3399498156554841,-0.9848686100513004,-0.05960228605140761,-0.05960228605140761,-0.28736221731988826,0.0
2025-02-11,1.0076188748476005,1.0076188748476005,1.0076188748476005,0.9601374247657904,0.9643380687313188,0.9672400032642917,0.97455276928605,1.2832982775539705,0.998703859149263,1.284486371243833,0.03952897570429553,-0.8765894256165621,-0.318665753327671,-1.0660007363669135,-0.9775429743349868,0.2596439484587263,0.2596439484587263,-0.7282161182377029,0.0
2025-02-12,0.9037461721959178,0.9037461721959178,0.9037461721959178,1.0134061918037418,0.9637343302322078,0.9672263499786523,0.9778219303044102,1.07547574439306,0.9772919453407221,1.2871961495585154,-0.10469504724657461,-0.552976072454635,-0.3385726026274194,-1.4853483648991674,-0.9332231970654297,-0.6661033211318395,-0.6661033211318395,-0.4925312162106702,0.0
2025-02-13,1.0349139825175473,1.0349139825175473,1.0349139825175473,0.9095465818950178,1.0169516691997174,0.9666233049569736,0.9730324118385385,0.9801704216262196,0.9885746946142845,1.2943223313178582,0.08955122200534515,0.14311206568871146,0.014898614849520304,-1.276079092784213,-0.873780961118097,0.7277319859402185,0.7277319859402185,0.0612217031412039,0.0
2025-02-14,0.9551621918674223,0.9551621918674223,0.9551621918674223,1.0406978590334224,0.9131923300430955,1.0197795164270136,0.973018802678703,0.983430858733954,0.9879107232988884,1.2942961578230614,-0.22503016574349918,-0.11124047101742705,-0.5829347996120969,-1.157376759053134,-0.9114052678539655,-0.5223440782343827,-0.5223440782343827,-0.14321031392382785,0.0
2025-02-15,1.013156644331603,1.013156644331603,1.013156644331603,0.9609561207807882,1.0442169878228351,0.9161393592675525,0.9724177066271911,0.9786541213243847,0.99628320105654,1.288340514011442,-0.4858255170094546,0.08115071511856224,-0.4766539624360776,-1.1137186130819532,-1.112047496092124,0.2875580086212528,0.2875580086212528,0.011455947171454579,0.0
2025-02-16,1.0182545414145083,1.0182545414145083,1.0182545414145083,1.0189432632738233,0.9645522358411445,1.0470135170487531,1.0254021235104152,0.9786405484812353,1.0053910765889469,1.2831229149182093,-0.4533641635838166,0.09680775573529929,-1.0759246409010819,-1.1147401757811581,-1.112279780998531,-0.02610688603109988,-0.02610688603109988,0.024043974863499285,0.0
2025-02-17,0.929362059061108,0.929362059061108,0.929362059061108,1.0240405177869831,1.0224833949312464,0.9674402710878377,0.922096919077726,0.9780410564829349,1.0017970384398245,1.2662314895036109,-0.966813000229324,-0.17362327526301743,-1.0951718990914283,-0.99366785667508,-1.361253665071113,-0.5772095756774929,-0.5772095756774929,-0.19337909875685957,0.0
2025-02-18,0.9060100824593741,0.9060100824593741,0.9060100824593741,0.9351592399790768,1.027575728324982,1.025304888204038,1.0525481070640685,1.030884081946506,0.9871786885071283,1.248186509367744,-1.017549692153502,-0.4083371991981642,-0.707599078567592,-1.0446386993087262,-1.3638176770981465,-0.19496006536630234,-0.19496006536630234,-0.3799121430855234,0.0
2025-02-19,0.8884728042165613,0.8884728042165613,0.8884728042165613,0.9118102068015479,0.9387802605117543,1.0303913723463327,0.9732320324201715,0.927854552332405,0.9849813251439273,1.2360009059563795,-0.7598372609552969,-0.1438872676191083,-0.27701772246183093,-1.1813768734563395,-1.4805227395592635,-0.16077059643498134,-0.16077059643498134,-0.16978771096320885,0.0
2025-02-20,0.9547371635939161,0.9547371635939161,0.9547371635939161,0.8942751390632311,0.9154537695440376,0.9416978984478585,1.0309096379395362,1.0579576251605594,0.9734463706585131,1.2250158652890297,-0.7070330194610883,-0.34268994078572224,-0.6287273788245393,-1.4330383373103275,-1.4610007243900873,0.34093311703525314,0.34093311703525314,-0.32671750298608904,0.0
2025-02-21,1.0692124623501198,1.0692124623501198,1.0692124623501198,0.9605311460804131,0.897935630951053,0.9183982011914633,1.0359796831668406,0.9788532092090647,0.9898546629396039,1.2085744347384142,-0.9470209172355233,0.2522378175009963,-0.7456983659849218,-1.3187481810813837,-1.7343423029722174,0.6222180844761255,0.6222180844761255,0.14899424388330476,0.0
2025-02-22,0.9284739471099329,0.9284739471099329,0.9284739471099329,1.0749920156783925,0.9641276714305141,0.9009001846112153,0.9475728560831086,1.0363768993131754,0.9776714524896558,1.1926802277002297,-0.922952435479068,-0.3564916822583385,-0.13888100649013002,-1.048130990307311,-1.73997964242739,-0.8743593095507164,-0.8743593095507164,-0.3384027400601442,0.0
2025-02-23,0.9553180095214936,0.9553180095214936,0.9553180095214936,0.9342712399708972,1.0784780353421064,0.9670161943483394,0.9243484606917712,1.041433414885261,0.9686168399395237,1.176859655571631,-0.9197137579776711,-0.289882037693042,-0.9350438355530042,-1.031719345119794,-1.7384606365162378,0.10371772063398683,0.10371772063398683,-0.28523377585853543,0.0
2025-02-24,0.9405073610977063,0.9405073610977063,0.9405073610977063,0.961111918794661,0.9378931178188369,1.081235211001383,0.9069069956310046,0.9532625055963015,0.9702203028037798,1.1589216345497786,-1.0128453192128715,-0.06296549621456886,-0.9954321493377787,-1.137073348918427,-1.7558115312945008,-0.14376271157213916,-0.14376271157213916,-0.10429131111966408,0.0
2025-02-25,0.6319751722924193,0.6319751722924193,0.6319751722924193,0.9463031371944752,0.9647078834405873,0.9408117747614109,0.9728093262465248,0.9301000856012813,0.9307951889288995,1.1306700947453192,-1.4664638736504334,-0.9364874383523784,-0.037351477251582985,-0.19130103092279457,-1.3787378114792874,-1.8883185766474548,-1.8883185766474548,-0.8121990680099389,0.0
2025-02-26,0.4667180335458054,0.4667180335458054,0.4667180335458054,0.6378098376501724,0.9499133989061239,0.9675957399044172,1.0866592005504472,0.9127051639140353,0.8701177743219818,1.10158107172772,-1.503298821306664,-1.3889611161105848,1.660296818784095,-0.06860840072684112,-1.3305444289711397,-1.0903891417642866,-1.0903891417642866,-1.1820152972011413,0.0
2025-02-27,0.1628814953466508,0.1628814953466508,0.1628814953466508,0.47257352891167903,0.6417179327081141,0.9528182488881094,0.9466895962435826,0.9784316310468127,0.7561943334213336,1.0635061486759463,-1.898524841614837,-2.5225995699848887,0.7496826577970973,0.19277469619429818,-0.9742839990128288,-2.0143653018374206,-2.0143653018374206,-2.0819342210774914,0.0
2025-02-28,0.2135055305432372,0.2135055305432372,0.2135055305432372,0.16877528810533893,0.47664115055523326,0.6449767879437561,0.9733869987799285,1.0919776915824222,0.6330846784891965,1.0284977099866197,-1.763651940035899,-2.7181793380255255,1.1702012927623102,0.013254531031622276,-0.9403362146523213,0.28915382806087414,0.28915382806087414,-2.1999933973268666,0.0
2025-03-01,0.1967830972023344,0.1967830972023344,0.1967830972023344,0.2193929423426988,0.17313621027370493,0.48008961937883543,0.9586572668663318,0.9523816027773861,0.5278170866293066,0.9878531836417985,-2.0115434685101907,-2.338311576935352,1.1282447411166443,0.08585955030467646,-1.0650142152384383,-0.1689528915918885,-0.1689528915918885,-1.941635041149219,0.0
2025-03-02,0.2946080981490003,0.2946080981490003,0.2946080981490003,0.202672616798318,0.22370499594450183,0.17693329663115928,0.651810713104511,0.9790077620337695,0.43276144762968405,0.9482646072997888,-1.9650997160014583,-2.1208932406319367,-0.5315405010619918,0.3020483799176095,-1.0159498647506213,0.6067096682658267,0.6067096682658267,-1.75880896585086,0.0
2025-03-03,0.8112343445056074,0.8112343445056074,0.8112343445056074,0.3004852872908833,0.20700081295658934,0.22744399703542278,0.4874564403613858,0.9643173371056769,0.4141630749005007,0.931142273962052,-0.9769690023183922,-0.493074168385397,0.503725254404988,2.3484733609906643,0.16451648079992182,3.3803254489816976,3.3803254489816976,-0.4509627573932116,0.0
2025-03-04,0.30208302719339664,0.30208302719339664,0.30208302719339664,0.8170464149543528,0.30471905068511834,0.21075900111930182,0.18527988298386652,0.6582896178692536,0.3667018394723786,0.9004643445669341,-1.5731835453567096,-1.107581077575433,0.7310470595926551,2.965614365548348,0.828798081159532,-3.1460174189503496,-3.1460174189503496,-0.990119905779437,0.0
2025-03-05,0.37630120531677463,0.37630120531677463,0.37630120531677463,0.3079592741500653,0.8207814669359117,0.30836499589383576,0.235627338780101,0.49437393226771026,0.35369366563436894,0.878837016959526,-1.1751117537336486,-0.37405562617758975,0.6364876213131729,2.9257077675789427,0.7904716554396095,0.43695706405070056,0.43695706405070056,-0.374087252597891,0.0
2025-03-06,0.582373838153032,0.582373838153032,0.582373838153032,0.3821680973659052,0.3121858218202645,0.823834642858237,0.21899626679685946,0.19300374730960726,0.4140455871275345,0.8559335182598868,-1.2312414703003147,1.1878228995274545,0.1638003899931409,2.573508008495992,0.7727238419031739,1.294177746855268,1.294177746855268,1.057036762128899,0.0
2025-03-07,0.5446618792613787,0.5446618792613787,0.5446618792613787,0.5882147555625922,0.38632300049090523,0.3158231904063524,0.316286810543577,0.2432168485414301,0.46168870219870917,0.8388192452517965,-0.9766144855760147,0.9172451181295025,0.029491667711898588,2.6170192693009846,0.6876555773985732,-0.294131070258557,-0.294131070258557,0.7977184200094148,0.0
2025-03-08,0.3426697295679901,0.3426697295679901,0.3426697295679901,0.5505075501140633,0.5921707319498192,0.3898752122410914,0.8300905205917192,0.2266301573594956,0.4826772583295135,0.8181364143531537,-1.1335700412752339,0.3497542631467908,0.5487280352351487,2.855980262959156,0.776105243201558,-1.3399201799845852,-1.3399201799845852,0.2789529380765764,0.0
2025-03-09,0.3032261978923336,0.3032261978923336,0.3032261978923336,0.3485408607314987,0.5544999307382532,0.5954864990199823,0.32372090105377227,0.3236610766938225,0.4839171352618312,0.7960137636608833,-1.1968975037255545,-0.0707064493414688,-0.923607033986339,2.841344455907937,0.7763164458417037,-0.31605842381028765,-0.31605842381028765,-0.10802740931102336,0.0
2025-03-10,-0.034161766696557516,-0.034161766696557516,-0.034161766696557516,0.3091023007568613,0.3527282291075373,0.5578589679502614,0.3975335955146792,0.836093677267516,0.36229088722933783,0.7626850132276882,-1.6897743649121137,-2.6865967539111697,-0.4858214574191901,1.5853975271836447,1.0857771435744419,-2.296574437205121,-2.296574437205121,-2.2644391490039735,0.0
2025-03-11,-0.15725675907628206,-0.15725675907628206,-0.15725675907628206,-0.02824313741474203,0.3133277448976169,0.35631902911378,0.6024803709395812,0.3310753289822745,0.29620615601785466,0.7252090078913703,-1.8721826984493237,-1.5040859894935172,0.10999080975179155,0.635050115131949,1.1133794453149555,-0.9280632114766328,-0.9280632114766328,-1.4000516454244596,0.0
2025-03-12,0.09398735452467488,0.09398735452467488,0.09398735452467488,-0.15132261415798454,-0.023692004771656856,0.31696380182661377,0.5649744475987457,0.4046910507807995,0.25558995967573855,0.6962190999825049,-1.4989394505337903,-0.9618462675566961,0.32287407305315047,1.2804706263961827,1.386039671081554,1.7683098909345771,1.7683098909345771,-0.9007098577342908,0.0
2025-03-13,0.16188850131880406,0.16188850131880406,0.16188850131880406,0.09988983111707608,-0.1466526550364229,-0.019668833900197597,0.36408586200136495,0.6090909160529576,0.1950951771777433,0.6677220074324656,-1.4772639976270858,-1.3850727737121777,-0.16193352541849396,0.9492274197559605,1.3972206461967014,0.4131125886073801,0.4131125886073801,-1.2353830819248008,0.0
2025-03-14,-0.012401017274510722,-0.012401017274510722,-0.012401017274510722,0.16778241924045834,0.10431725841276912,-0.14248824679790006,0.32485782615286357,0.57168507904049,0.11495112502753038,0.6368522029830109,-1.5816227683430544,-1.803416999916353,-0.46691669150090975,1.0325476886869558,1.4529382122513017,-1.2446233352903324,-1.2446233352903324,-1.6036093473848754,0.0
2025-03-15,0.16736141315489367,0.16736141315489367,0.16736141315489367,-0.006485130849013616,0.17214429996921088,0.10819339288475431,-0.010686852720663605,0.371332574124573,0.08972970220373852,0.6076198061873322,-1.5096048170903231,-0.6340827053936788,-0.5999398116458265,1.2793708168957039,1.528063633492464,1.2120084181970412,1.2120084181970412,-0.6122474276087027,0.0
2025-03-16,0.19364124711917102,0.19364124711917102,0.19364124711917102,0.17325464123767711,-0.0019550043668846336,0.175942525673273,-0.13310932780605353,0.3322092201430259,0.0739638307657783,0.581960171012192,-1.3524643691190852,-0.43276859052567174,-1.1904273625318944,1.2885355589420915,1.5285056696048458,0.12301236027861519,0.12301236027861519,-0.4343446757264934,0.0
2025-03-17,0.08219279410854342,0.08219279410854342,0.08219279410854342,0.19953116273291965,0.17761123883648325,0.0020431985436991746,0.11676213847408319,-0.0024400419024266057,0.09070363886836016,0.5505911155414125,-1.603581280405598,0.25929597957375095,-0.8298212850645809,0.5479337378940963,1.5355194658747489,-0.811496130021368,-0.811496130021368,0.21076778105234942,0.0
2025-03-18,0.17384758584433535,0.17384758584433535,0.17384758584433535,0.08809675735859288,0.20386239179264432,0.18140318500274324,0.18429231408050278,-0.1245358268293136,0.13833927220796136,0.5221386158843657,-1.4753026724882172,0.917085827771098,-0.8954247526681552,0.34114568575933196,1.574179077660251,0.5786731606060472,0.5786731606060472,0.867473022804994,0.0
2025-03-19,0.09279360102114746,0.09279360102114746,0.09279360102114746,0.1797399963707287,0.09253557021963127,0.20762418486750533,0.010955009003020415,0.1246688456381063,0.13816752814883296,0.4939502363258347,-1.463685902323669,-0.10076067027756731,-0.7330227765287674,-0.13474155502528543,1.5756605330447866,-0.6075286322928688,-0.6075286322928688,-0.13528251189596094,0.0
2025-03-20,0.3453044050757539,0.3453044050757539,0.3453044050757539,0.09869622808145195,0.18409033271516068,0.09642523759516226,0.1897353252050445,0.19201881378051897,0.16455538102376951,0.4750571208816494,-1.0548531499389524,0.4647083890990542,-0.4242249750810214,0.41803920537141404,1.7956737059906107,1.688996526876081,1.688996526876081,0.38806647735537886,0.0
2025-03-21,0.18607937832176014,0.18607937832176014,0.18607937832176014,0.3511752041488449,0.10312480773535429,0.18787483674315603,0.2158715819003238,0.019144067490797854,0.19311054647165898,0.45138980196918477,-1.2648365049432009,0.5108517174426432,-0.632841794344183,0.34600130985039235,1.850192821074103,-1.105225371062557,-1.105225371062557,0.45009243563172907,0.0
2025-03-22,0.16972818775728207,0.16972818775728207,0.16972818775728207,0.19197024707913485,0.3553600292109236,0.10700231190238964,0.10503201647015337,0.19744729997272473,0.1934510518406953,0.42493873182056563,-1.387273981257099,-0.08985458600866332,-0.9474244179538924,0.07682816948966745,1.832975670310045,-0.16702011031894665,-0.16702011031894665,-0.12515228395688213,0.0
2025-03-23,0.15619821613358503,0.15619821613358503,0.15619821613358503,0.17562111751749646,0.19630877578787465,0.35894780622959715,0.19618606133266217,0.2235138108322292,0.1880641624128918,0.3941744926631419,-1.576979699747477,-0.21179410777504404,-1.2895839771764828,0.07086811762433386,1.7904415153271875,-0.1481542029326335,-0.1481542029326335,-0.2373541448910045,0.0
2025-03-24,0.2809953557176972,0.2809953557176972,0.2809953557176972,0.16209285129316026,0.17997543041335967,0.20007924523874723,0.11557490692454248,0.11297002601892282,0.2166656775457048,0.37235754258000137,-1.1834519017610747,0.5118385288314482,-1.1288978325592374,0.04160311933334107,1.822632301829459,0.7959809223705325,0.7959809223705325,0.4403705233446119,0.0
2025-03-25,0.37736022773334066,0.37736022773334066,0.37736022773334066,0.28687426069187366,0.16646022498744303,0.18376466097757274,0.36670614322054174,0.20388082200622676,0.2459448269670835,0.3528831132427742,-1.0804210257914046,0.5262657516807818,-0.6430615463579513,0.04313919426748571,1.8525832526388257,0.5865762736191228,0.5865762736191228,0.44372241166424964,0.0
2025-03-26,0.38942784080679627,0.38942784080679627,0.38942784080679627,0.383226986296888,0.291121164785127,0.17026497964026144,0.2083510266238404,0.1234847822720452,0.2886212825895197,0.33431435352490385,-1.0405870416595502,0.811502088455761,-0.5409116059387329,-0.09834039200097458,1.8543852944467627,0.02303084959153411,0.02303084959153411,0.7202176713073336,0.0
2025-03-27,0.3544035338557935,0.3544035338557935,0.3544035338557935,0.3952930782954889,0.3873808671227518,0.29478272905244574,0.19208916916889818,0.3739458629995236,0.28993036466266325,0.32496150902815196,-0.6352442843968366,-0.0692330321814156,-0.7010176148938627,-0.7648614132802009,1.6611975965068027,-0.2849526354738803,-0.2849526354738803,-0.10693225510806098,0.0
2025-03-28,0.3710741859391069,0.3710741859391069,0.3710741859391069,0.36027318601972336,0.39943530997188353,0.3909318637663371,0.1786331172045868,0.21601332451280283,0.31654537277288003,0.3217387661039293,-0.3656245869396165,0.46954465440626414,-0.7309381266480015,-1.300572363278211,1.596468267414266,0.05364509202795802,0.05364509202795802,0.39013642312874014,0.0
2025-03-29,0.19162501294317483,0.19162501294317483,0.19162501294317483,0.3769417368333373,0.36444922747972985,0.40297246041535717,0.3027484399817658,0.19979486259275567,0.3196956459476606,0.32270728598544185,-0.1812806578422448,-0.03003301709989335,-0.4970584901909023,-0.6725949814881617,1.4364238860678156,-1.2329083309489284,-1.2329083309489284,-0.06987691305189161,0.0
2025-03-30,0.08648254119593984,0.08648254119593984,0.08648254119593984,0.19751518269525953,0.38110168572253594,0.36802656429310654,0.39858683206720263,0.1863747187388299,0.30966572522841235,0.31842721517716627,-0.41212894267313177,-0.31064690827300834,-0.9889869013843078,-0.5261340084465976,1.4633184303988314,-0.7690220627321264,-0.7690220627321264,-0.32968862202454374,0.0
2025-03-31,0.06628426783892657,0.06628426783892657,0.06628426783892657,0.09238596374035114,0.2018483580730454,0.38465989487716745,0.410588514932318,0.3101588339134634,0.2787754671782119,0.31403002508628214,-0.4172801893808406,-0.7547754603024269,-1.1019959425207113,-0.8385524580957404,1.4637337304126405,-0.19577530243507685,-0.19577530243507685,-0.7269817265923745,0.0
2025-04-01,0.07615293417694109,0.07615293417694109,0.07615293417694109,0.07219023629573376,0.09682063560807945,0.20561246454507145,0.37575555981205394,0.4057414767218233,0.23544109112674022,0.30666912470881147,-0.5476327881698844,-1.0197178733375378,-0.5417631759520947,-1.1079119469217755,1.4338992053259538,0.012528394835156123,0.012528394835156123,-0.9520054170687728,0.0
2025-04-02,0.2465721837444842,0.2465721837444842,0.2465721837444842,0.08205765872742438,0.07664440602968652,0.10070538099147835,0.39233513343947635,0.4177111325292046,0.21488859822019185,0.2876426945859657,-1.0607167172717415,-0.5346785082911111,-0.579999619186005,-0.47199627249630244,0.6852538980521932,1.1254848247814866,1.1254848247814866,-0.5199758832127381,0.0
2025-04-03,0.07692437466049451,0.07692437466049451,0.07692437466049451,0.25245542762321377,0.08650230200668116,0.08055232661211688,0.2138663632199751,0.38297113079533,0.1749679638655536,0.2800559185158321,-0.5575674581256803,-0.9470373537101057,-0.011052543726910826,-0.23254186869720925,0.05021727534895691,-1.1945991006939165,-1.1945991006939165,-0.8905840828669799,0.0
2025-04-04,0.11681923860347013,0.11681923860347013,0.11681923860347013,0.0828290019739588,0.256735561210409,0.09039889942784343,0.1092983269493757,0.3995064610472409,0.13838857240826488,0.271312609948538,-0.6084351212948571,-0.8759003751255185,-0.33393457865164033,-0.19572928625943592,0.034493284419283864,0.2205258596385506,0.2205258596385506,-0.8249571573069295,0.0
2025-04-05,0.15987124012709336,0.15987124012709336,0.15987124012709336,0.12271883732726986,0.08727290056365314,0.2604366221142804,0.08921040485755759,0.22151394317266374,0.13382019056060873,0.2570762811900716,-0.850034126555615,-0.19436761171085778,-0.3653385613301076,-0.43735525500525485,-0.12770717568025172,0.2401229421638687,0.2401229421638687,-0.2213582075832684,0.0
2025-04-06,0.1438447147301169,0.1438447147301169,0.1438447147301169,0.16576541231653494,0.12712422447064137,0.09116861284545566,0.09902515471484429,0.11722495164707343,0.14207282604532748,0.24357064843665283,-0.8178959909173413,0.078599204358989,-1.0528786875781615,-0.5890749926479204,-0.12988030779267443,-0.16535957243340793,-0.16535957243340793,0.03311764394249674,0.0
2025-04-07,-0.19307754430329968,-0.19307754430329968,-0.19307754430329968,0.1497409069996391,0.17012924035475105,0.1309741619777456,0.26851333559790225,0.09719063512439277,0.10475871532756008,0.22551851252572402,-1.0178644239542551,-0.8915429697838856,-0.3489900307595531,0.5388771606216576,0.16778999609587184,-2.361655315618928,-2.361655315618928,-0.8806948319305785,0.0
2025-04-08,-0.13251811848118544,-0.13251811848118544,-0.13251811848118544,-0.18713888431683132,0.15412020581809022,0.1739297806343608,0.09979238050975188,0.10697919385799645,0.0747374307823678,0.21083600081689352,-0.8696585505009686,-0.7362745157391628,1.2016677673003873,0.6041849181725563,0.1898910211562092,0.38693060050475514,0.38693060050475514,-0.7331867450226616,0.0
2025-04-09,-0.31086596118478244,-0.31086596118478244,-0.31086596118478244,-0.1265870917705998,-0.18243434655252805,0.1579391346950465,0.13946928281644896,0.2760150875230543,-0.005460607958937796,0.20151238505692756,-0.6339587195369435,-1.804566405419751,0.038013554071178395,0.3057300069737653,-0.08416377614695338,-1.3445729838972864,-1.3445729838972864,-1.6869105545129666,0.0
2025-04-10,0.08291569571299541,0.08291569571299541,0.08291569571299541,-0.30491245443466597,-0.12194101343807258,-0.17822883807675094,0.1822860739954382,0.10774437227462345,-0.004598642909988799,0.20960505487974934,0.13206017820903487,-0.0787524101949673,1.3508164735109693,1.7980391552682988,0.5602502454893316,2.8952619978471468,2.8952619978471468,-0.11459152814805451,0.0
2025-04-11,-0.10642079094796342,-0.10642079094796342,-0.10642079094796342,0.08881956784415942,-0.3000942127534709,-0.117804989948554,0.1663471079320235,0.14731539489301626,-0.03671595081479141,0.20285225322088735,-0.520886837781428,-0.7809000558229847,-0.18078788317257016,1.9747710633734146,0.4452680578286162,-1.366962800464637,-1.366962800464637,-0.7701432570752236,0.0
2025-04-12,0.13404583194802117,0.13404583194802117,0.13404583194802117,-0.10049305370219946,0.09325768287135193,-0.29575355559658734,-0.16873440972218828,0.19001792744190432,-0.04043142508668293,0.20191408764148472,-0.26514223028691625,-0.17620872000021842,-0.2272039262882109,2.347471929841297,0.6598263681212669,1.672230810872888,1.672230810872888,-0.20508854590665465,0.0
2025-04-13,0.250796517992447,0.250796517992447,0.250796517992447,0.1399432593279263,-0.09587216773102235,0.09714652080031257,-0.10850584432268741,0.1741214952624517,-0.025044381807517627,0.21078259320331127,0.16618369064218355,0.23049484022839692,-0.8035987404318293,2.4020004127422365,0.5884082966024482,0.74442883003144,0.74442883003144,0.1723629283100914,0.0
2025-04-14,0.14415349111604658,0.14415349111604658,0.14415349111604658,0.25667922941056787,0.14433201723737282,-0.09176608792773286,-0.2858793012587835,-0.1600658415312808,0.02347269204067319,0.21000059657301914,-0.2582734656648284,0.9358522019945207,-0.5946468229387408,1.7204926297366314,0.5173643858328835,-0.7711811597589808,-0.7711811597589808,0.8934141493644843,0.0
2025-04-15,0.20188606644150667,0.20188606644150667,0.20188606644150667,0.15004964446552774,0.26095528514899863,0.148162189206981,0.10575096857331617,-0.09999799890399184,0.07158306988553391,0.21027840778406223,-0.211660034196681,0.9271934107099132,-0.4479522736870341,1.719866250835226,0.5264861739304068,0.33903201897088797,0.33903201897088797,0.872392992345615,0.0
2025-04-16,0.1476371216142909,0.1476371216142909,0.1476371216142909,0.20777494282841927,0.15442864521490335,0.26465149911445895,-0.08255109695266054,-0.2768981263904077,0.1375474254500312,0.21248357046495908,-0.12688951056881798,1.3073148414800257,-0.7155465200436091,1.4027987502135375,0.4913074351167343,-0.4231850760794651,-0.4231850760794651,1.29648949528315,0.0
2025-04-17,0.17575069313188366,0.17575069313188366,0.17575069313188366,0.1535328358659387,0.21209821297099538,0.15824721980641782,0.15660176037511211,0.11368705956443209,0.15090349874224065,0.2125476961321977,-0.22105854594895422,0.1872543237778935,-0.6537634734778498,0.21498112597808883,0.4643801260851005,0.1362265397311879,0.1362265397311879,0.1353206459671704,0.0
2025-04-18,0.22738212459193552,0.22738212459193552,0.22738212459193552,0.18164286377913744,0.15790847378522335,0.2158505460625501,0.27271459061425796,-0.07411251300353014,0.19892737259433735,0.21708268947335768,-0.02441678147705012,0.9253516910655272,-0.9065498813806243,-0.3302628720082826,0.44592302707674236,0.2951618106107344,0.2951618106107344,0.865334779790155,0.0
2025-04-19,0.19627305528017766,0.19627305528017766,0.19627305528017766,0.23326778730165185,0.18599136300954247,0.16172305131081433,0.16665419734876294,0.16440215362590593,0.20787993766895982,0.2120610415570587,-0.44474566086953754,0.09350110696748715,-1.230582043879196,-1.0230393017288915,0.2091005837917101,-0.2655614160283727,-0.2655614160283727,0.04547906039133046,0.0
2025-04-20,0.23963117956028446,0.23963117956028446,0.23963117956028446,0.20216263916492638,0.2375664455022921,0.18977368344048537,0.2240713564692073,0.28020513129191443,0.20627359218957717,0.21386548264594518,-0.14451441174275825,-0.1313041577297623,-1.128287905579984,-1.2574288281026338,0.12431375466131621,0.23774343220749602,0.23774343220749602,-0.16297700041712648,0.0
2025-04-21,0.2362836716130842,0.2362836716130842,0.2362836716130842,0.24551529832511346,0.2064913276786081,0.24128952479518245,0.1701187953769461,0.17442776519657438,0.21952826421365068,0.21610808601282938,-0.12524276029739043,0.18509543259231878,-1.1286240906729752,-1.5884978004192654,0.12293004607714927,-0.07851729753452687,-0.07851729753452687,0.13018835075952773,0.0
2025-04-22,0.38513922791809324,0.38513922791809324,0.38513922791809324,0.24216821231803784,0.24980213222617487,0.2102501010558511,0.19807877118210915,0.23169170391528485,0.24589270352813355,0.2238223096064561,0.11541501228281976,0.46420990096163256,-0.2187009232648409,-1.2015455999726947,0.19705148421286237,0.9449414300235557,0.9449414300235557,0.38367675884771313,0.0
2025-04-23,0.7683483574471938,0.7683483574471938,0.7683483574471938,0.39100500596946275,0.2464582776469043,0.2535111571352166,0.2494281194321388,0.1778831177812376,0.33519377520992005,0.24024378863750612,0.49838543274716224,1.8041669188870082,0.2379143212018372,0.008186116343263227,0.6122110115350743,2.4507306844211185,2.4507306844211185,1.6324379789211756,0.0
